,Player,Yrs,From,To,G,MP,FG,FGA,3P,3PA,FT,FTA,ORB,TRB,AST,STL,BLK,TOV,PF,PTS,FG%,3P%,FT%,MP,PTS,TRB,AST,Birth Date,City,Country
1,Clint Capela,6,2015,2020,334,8674,1766,2785,0,2,543,1033,1089,3243,324,229,491,412,838,4075,0.634,0,0.526,26,12.2,9.7,1,18-May-94,Geneva,Switzerland
2,Enes Kanter,9,2012,2020,641,13932,3036,5596,43,150,1300,1676,1878,4867,546,258,301,978,1396,7415,0.543,0.287,0.776,21.7,11.6,7.6,0.9,20-May-92,Zurich,Switzerland
3,Thabo Sefolosha,14,2007,2020,869,19062,1916,4265,513,1469,649,887,626,3252,1196,935,366,755,1418,4994,0.449,0.349,0.732,21.9,5.7,3.7,1.4,2-May-84,Vevey,Switzerland
4,Nikola Vučević,9,2012,2020,598,18103,4185,8386,276,825,980,1313,1599,6110,1532,515,556,1030,1507,9626,0.499,0.335,0.746,30.3,16.1,10.2,2.6,24-Oct-90,Morges,Switzerland
6,Edy Tavares,2,2016,2017,13,101,15,24,0,0,3,11,11,32,4,1,12,7,11,33,0.625,,0.273,7.8,2.5,2.5,0.3,22-Mar-92,Maio,Cape Verde
8,Bol Bol,1,2020,2020,7,87,14,28,4,9,8,10,5,19,6,2,6,10,11,40,0.5,0.444,0.8,12.4,5.7,2.7,0.9,16-Nov-99,Khartoum,Sudan
9,Wenyen Gabriel,1,2020,2020,30,235,21,48,6,20,15,22,21,52,8,11,7,16,39,63,0.438,0.3,0.682,7.8,2.1,1.7,0.3,26-Mar-97,Khartoum,Sudan
11,Sergei Bazarevich,1,1995,1995,10,74,11,22,1,6,7,9,1,7,14,1,1,7,10,30,0.5,0.167,0.778,7.4,3,0.7,1.4,16-Mar-65,Moscow,Russia
12,Sergey Karasev,3,2014,2016,95,1110,96,243,31,110,64,76,30,140,87,32,4,57,94,287,0.395,0.282,0.842,11.7,3,1.5,0.9,26-Oct-93,St. Petersburg,Russia
13,Sasha Kaun,1,2016,2016,25,95,9,17,0,0,5,11,12,26,3,4,5,7,11,23,0.529,,0.455,3.8,0.9,1,0.1,8-May-85,Tomsk,Russia
14,Andrei Kirilenko,13,2002,2015,797,23916,3146,6637,367,1185,2772,3675,1400,4352,2169,1097,1461,1518,1605,9431,0.474,0.31,0.754,30,11.8,5.5,2.7,18-Feb-81,Izhevsk,Russia
15,Yaroslav Korolev,2,2006,2007,34,168,13,46,3,12,10,16,6,16,13,6,0,7,11,39,0.283,0.25,0.625,4.9,1.1,0.5,0.4,7-May-87,Moscow,Russia
16,Johnny Macknowski,2,1950,1951,117,,285,898,,,253,348,,110,134,,,,262,823,0.317,,0.727,,7,1.9,1.1,7-Jan-23,,Russia
17,Sergei Monia,1,2006,2006,26,343,29,87,9,34,10,14,11,52,19,7,5,12,41,77,0.333,0.265,0.714,13.2,3,2,0.7,15-Apr-83,Saratov,Russia
18,Timofey Mozgov,8,2011,2018,454,8181,1230,2301,11,58,601,814,769,2225,250,139,383,527,998,3072,0.535,0.19,0.738,18,6.8,4.9,0.6,16-Jul-86,St. Petersburg,Russia
19,Pavel Podkolzin,2,2005,2006,6,28,0,2,0,0,4,8,0,9,0,0,1,4,4,4,0,,0.5,4.7,0.7,1.5,0,15-Jan-85,Novosibirsk,Russia
20,Alexey Shved,3,2013,2015,182,3271,445,1207,162,529,297,390,85,355,460,110,49,243,201,1349,0.369,0.306,0.762,18,7.4,2,2.5,16-Dec-88,Belgorod,Russia
21,Alexander Volkov,2,1990,1992,149,2453,388,853,48,144,195,318,155,384,333,102,52,154,344,1019,0.455,0.333,0.613,16.5,6.8,2.6,2.2,28-Mar-64,Omsk,Russia
23,Deandre Ayton,2,2019,2020,109,3419,819,1438,3,17,208,278,370,1165,197,87,125,206,326,1849,0.57,0.176,0.748,31.4,17,10.7,1.8,23-Jul-98,Nassau,Bahamas
24,Dexter Cambridge,1,1993,1993,53,885,151,312,0,4,68,99,88,167,58,24,6,63,128,370,0.484,0,0.687,16.7,7,3.2,1.1,29-Jan-70,Eleuthra,Bahamas
25,Buddy Hield,4,2017,2020,316,8743,1864,4222,873,2126,421,486,253,1316,694,247,81,539,630,5022,0.441,0.411,0.866,27.7,15.9,4.2,2.2,17-Dec-92,Freeport,Bahamas
26,Ian Lockhart,1,1991,1991,1,2,1,1,0,0,2,2,0,0,0,0,0,0,0,4,1,,1,2,4,0,0,25-Jun-67,Nassau,Bahamas
27,Mychal Thompson,12,1979,1991,935,27764,5191,10306,1,12,2427,3707,2229,6951,2141,701,1073,2104,2692,12810,0.504,0.083,0.655,29.7,13.7,7.4,2.3,30-Jan-55,Nassau,Bahamas
29,Adonal Foyle,12,1998,2009,733,13060,1318,2766,0,2,353,707,1301,3461,344,264,1193,597,1575,2989,0.477,0,0.499,17.8,4.1,4.7,0.5,9-Mar-75,Canouan,Saint Vincent And The Grenadines
31,Nicolás Brussino,2,2017,2018,58,531,52,143,29,97,17,22,26,98,47,17,8,26,43,150,0.364,0.299,0.773,9.2,2.6,1.7,0.8,2-Mar-93,Santa Fe,Argentina
32,Carlos Delfino,8,2005,2013,507,11580,1472,3669,678,1856,493,650,287,1815,887,461,88,509,827,4115,0.401,0.365,0.758,22.8,8.1,3.6,1.7,29-Aug-82,Santa Fe,Argentina
33,Patricio Garino,1,2017,2017,5,43,0,7,0,5,0,0,1,7,0,0,0,3,4,0,0,0,,8.6,0,1.4,0,17-May-93,Buenos Aires,Argentina
34,Manu Ginóbili,16,2003,2018,1057,26859,4584,10262,1495,4055,3380,4089,685,3697,4001,1392,319,2116,2212,14043,0.447,0.369,0.827,25.4,13.3,3.5,3.8,28-Jul-77,Bahia Blanca,Argentina
35,Walter Herrmann,3,2007,2009,152,1939,312,681,114,299,81,103,78,319,66,31,12,61,143,819,0.458,0.381,0.786,12.8,5.4,2.1,0.4,26-Jun-79,Venado Tuerto,Argentina
36,Nicolás Laprovíttola,1,2017,2017,18,174,20,47,10,27,9,9,1,10,28,4,1,19,19,59,0.426,0.37,1,9.7,3.3,0.6,1.6,31-Jan-90,Buenos Aires,Argentina
37,Andrés Nocioni,8,2005,2012,514,12013,1932,4478,587,1574,964,1206,354,2295,614,215,228,724,1394,5415,0.431,0.373,0.799,23.4,10.5,4.5,1.2,30-Nov-79,Santa Fe,Argentina
38,Fabricio Oberto,6,2006,2011,336,4871,481,835,0,4,119,193,443,1175,300,89,75,225,733,1081,0.576,0,0.617,14.5,3.2,3.5,0.9,21-Mar-75,Las Varillas,Argentina
39,Pablo Prigioni,4,2013,2016,270,4566,334,786,203,535,75,86,145,505,765,268,6,257,429,946,0.425,0.379,0.872,16.9,3.5,1.9,2.8,17-May-77,Rio Tercero,Argentina
40,Pepe Sánchez,2,2001,2003,38,187,9,33,0,1,2,2,7,21,49,16,1,8,24,20,0.273,0,1,4.9,0.5,0.6,1.3,8-May-77,Bahia Blanca,Argentina
41,Luis Scola,10,2008,2017,743,19001,3669,7442,92,271,1452,1961,1335,4941,1194,474,224,1121,2037,8882,0.493,0.339,0.74,25.6,12,6.7,1.6,30-Apr-80,Buenos Aires,Argentina
42,Rubén Wolkowyski,2,2001,2003,41,329,27,83,0,3,26,38,12,47,4,6,18,13,41,80,0.325,0,0.684,8,2,1.1,0.1,30-Sep-73,Buenos Aires,Argentina
44,Hank Beenders,3,1947,1949,111,,348,1313,,,239,348,,,53,,,,304,935,0.265,,0.687,,8.4,,0.5,2-Jun-16,Haarlem,Netherlands
45,Francisco Elson,9,2004,2012,472,7207,725,1517,3,16,273,390,497,1638,260,228,255,355,1000,1726,0.478,0.188,0.7,15.3,3.7,3.5,0.6,28-Feb-76,Rotterdam,Netherlands
46,Dan Gadzuric,10,2003,2012,527,7793,1049,2100,0,8,367,737,910,2326,196,242,448,357,1250,2465,0.5,0,0.498,14.8,4.7,4.4,0.4,2-Feb-78,Den Haag,Netherlands
47,Geert Hammink,3,1994,1996,8,27,4,10,0,0,6,9,3,7,2,0,0,2,4,14,0.4,,0.667,3.4,1.8,0.9,0.3,12-Jul-69,Didam,Netherlands
48,Swen Nater,11,1974,1984,722,20746,3714,6939,1,10,1551,2074,2422,8340,1235,364,427,1537,2193,8980,0.535,0.1,0.748,28.7,12.4,11.6,1.7,14-Jan-50,Den Helder,Netherlands
49,Rik Smits,12,1989,2000,867,23100,5301,10461,3,26,2266,2932,1531,5277,1215,372,1111,1579,3011,12871,0.507,0.115,0.773,26.6,14.8,6.1,1.4,23-Aug-66,Eindhoven,Netherlands
51,Rawle Marshall,2,2006,2007,63,602,56,149,5,21,53,74,16,60,23,20,12,34,39,170,0.376,0.238,0.716,9.6,2.7,1,0.4,20-Feb-82,Georgetown,Guyana
52,Jason Miskiri,1,2000,2000,1,3,0,1,0,1,0,0,0,0,1,0,0,0,2,0,0,0,,3,0,0,1,19-Aug-75,Georgetown,Guyana
54,Kyle Alexander,1,2020,2020,2,13,1,2,0,0,0,0,2,3,0,0,0,1,1,2,0.5,,,6.5,1,1.5,0,21-Oct-96,Scarborough,Canada
55,Nickeil Alexander-Walker,1,2020,2020,47,591,98,266,46,133,25,37,9,84,89,17,8,54,57,267,0.368,0.346,0.676,12.6,5.7,1.8,1.9,2-Sep-98,Toronto,Canada
56,Joel Anthony,10,2008,2017,490,7056,398,776,0,0,268,405,562,1353,99,127,531,227,819,1064,0.513,,0.662,14.4,2.2,2.8,0.2,9-Aug-82,Montreal,Canada
57,Norm Baker,1,1947,1947,4,,0,1,,,0,0,,,0,,,,0,0,0,,,,0,,0,17-Feb-23,Victoria,Canada
58,RJ Barrett,1,2020,2020,56,1704,292,727,63,197,156,254,50,279,143,55,17,124,122,803,0.402,0.32,0.614,30.4,14.3,5,2.6,14-Jun-00,Toronto,Canada
59,Anthony Bennett,4,2014,2017,151,1905,251,641,36,138,120,179,132,472,77,58,27,99,206,658,0.392,0.261,0.67,12.6,4.4,3.1,0.5,14-Mar-93,Toronto,Canada
60,Sim Bhullar,1,2015,2015,3,3,1,2,0,0,0,0,0,1,1,0,1,0,0,2,0.5,,,1,0.7,0.3,0.3,2-Dec-92,Ontario,Canada
61,Khem Birch,3,2018,2020,140,2143,232,420,0,2,166,245,240,590,122,53,73,72,219,630,0.552,0,0.678,15.3,4.5,4.2,0.9,28-Sep-92,Montreal,Canada
62,Oshae Brissett,1,2020,2020,19,135,13,36,3,15,8,10,9,26,7,4,1,7,18,37,0.361,0.2,0.8,7.1,1.9,1.4,0.4,20-Jun-98,Toronto,Canada
63,Dillon Brooks,3,2018,2020,173,4792,824,1962,256,715,310,399,126,531,301,146,48,267,561,2214,0.42,0.358,0.777,27.7,12.8,3.1,1.7,22-Jan-96,Mississauga,Canada
64,Brandon Clarke,1,2020,2020,58,1300,296,479,23,64,85,112,92,345,81,32,48,55,100,700,0.618,0.359,0.759,22.4,12.1,5.9,1.4,19-Sep-96,Vancouver,Canada
65,Ron Crevier,1,1986,1986,3,4,0,3,0,0,0,2,1,1,0,0,0,0,2,0,0,,0,1.3,0,0.3,0,14-Apr-58,Montreal,Canada
66,Bobby Croft,1,1971,1971,62,739,126,348,0,2,73,112,83,206,41,,,44,137,325,0.362,0,0.652,11.9,5.2,3.3,0.7,17-Mar-46,,Canada
67,Luguentz Dort,1,2020,2020,36,820,86,218,30,101,42,53,24,81,27,31,4,22,97,244,0.394,0.297,0.792,22.8,6.8,2.3,0.8,19-Apr-99,Montreal,Canada
68,Tyler Ennis,4,2015,2018,186,2336,320,763,66,208,73,95,48,250,359,98,18,171,233,779,0.419,0.317,0.768,12.6,4.2,1.3,1.9,24-Aug-94,Brampton,Canada
69,Rick Fox,13,1992,2004,930,23723,3382,7519,771,2208,1431,1858,996,3517,2649,967,355,1611,2739,8966,0.45,0.349,0.77,25.5,9.6,3.8,2.8,24-Jul-69,Toronto,Canada
70,Shai Gilgeous-Alexander,2,2019,2020,152,4602,819,1731,138,390,444,552,104,644,502,175,92,275,292,2220,0.473,0.354,0.804,30.3,14.6,4.2,3.3,12-Jul-98,Toronto,Canada
71,Stewart Granger,3,1984,1987,80,996,123,297,4,17,66,89,15,78,173,33,1,91,127,316,0.414,0.235,0.742,12.5,4,1,2.2,27-Oct-61,Montreal,Canada
72,Bob Houbregs*,5,1954,1958,281,6725,906,2245,,,799,1108,,1552,500,,,,690,2611,0.404,,0.721,23.9,9.3,5.5,1.8,12-Mar-32,Vancouver,Canada
73,Cory Joseph,9,2012,2020,600,13115,1615,3666,293,883,600,780,305,1551,1736,459,132,600,906,4123,0.441,0.332,0.769,21.9,6.9,2.6,2.9,20-Aug-91,Toronto,Canada
74,Kris Joseph,1,2013,2013,10,54,2,14,0,3,5,8,1,7,1,3,0,2,3,9,0.143,0,0.625,5.4,0.9,0.7,0.1,17-Dec-88,Montreal,Canada
75,Mfiondu Kabengele,1,2020,2020,12,64,14,32,9,20,5,5,1,11,2,2,2,2,9,42,0.438,0.45,1,5.3,3.5,0.9,0.2,14-Aug-97,Toronto,Canada
76,Trey Lyles,5,2016,2020,351,6322,980,2263,313,918,329,465,277,1488,375,140,123,297,513,2602,0.433,0.341,0.708,18,7.4,4.2,1.1,5-Nov-95,Saskatoon,Canada
77,Todd MacCulloch,4,2000,2003,223,3439,568,1049,0,0,233,363,340,888,121,61,177,154,478,1369,0.541,,0.642,15.4,6.1,4,0.5,27-Jan-76,Winnipeg,Canada
78,Jamaal Magloire,12,2001,2012,680,14621,1763,3675,0,7,1391,2176,1418,4408,386,224,603,998,1792,4917,0.48,0,0.639,21.5,7.2,6.5,0.6,21-May-78,Toronto,Canada
79,Naz Mitrou-Long,3,2018,2020,20,132,13,38,5,24,2,2,1,13,23,2,2,11,12,33,0.342,0.208,1,6.6,1.7,0.7,1.2,3-Aug-93,Mississauga,Canada
80,Mychal Mulder,1,2020,2020,7,204,26,67,16,52,9,12,3,23,8,2,1,5,20,77,0.388,0.308,0.75,29.1,11,3.3,1.1,12-Jun-94,Etobicoke,Canada
81,Jamal Murray,4,2017,2020,297,8680,1695,3859,544,1518,687,781,233,1064,1091,264,96,570,552,4621,0.439,0.358,0.88,29.2,15.6,3.6,3.7,23-Feb-97,Kitchener,Canada
82,Andrew Nicholson,5,2013,2017,285,4080,708,1517,87,271,197,255,188,857,126,74,95,212,458,1700,0.467,0.321,0.773,14.3,6,3,0.4,8-Dec-89,Mississauga,Canada
83,Kelly Olynyk,7,2014,2020,500,10647,1759,3692,568,1524,750,968,582,2421,934,354,223,706,1388,4836,0.476,0.373,0.775,21.3,9.7,4.8,1.9,19-Apr-91,Toronto,Canada
84,Dwight Powell,6,2015,2020,371,6956,1062,1885,103,351,640,866,545,1711,364,251,173,247,782,2867,0.563,0.293,0.739,18.7,7.7,4.6,1,20-Jul-91,Toronto,Canada
85,Xavier Rathan-Mayes,1,2018,2018,5,118,12,42,1,14,4,9,0,5,18,6,3,11,18,29,0.286,0.071,0.444,23.6,5.8,1,3.6,29-Apr-94,Scarborough,Canada
86,Leo Rautins,2,1984,1985,32,208,21,60,0,0,6,10,10,35,32,9,2,20,34,48,0.35,,0.6,6.5,1.5,1.1,1,20-Mar-60,Toronto,Canada
87,Marial Shayok,1,2020,2020,4,28,3,12,2,6,3,4,1,7,1,0,1,3,4,11,0.25,0.333,0.75,7,2.8,1.8,0.3,26-Jul-95,Ottawa,Canada
88,Mike Smrek,7,1986,1992,194,1890,211,489,0,2,132,214,146,422,49,37,150,138,417,554,0.431,0,0.617,9.7,2.9,2.2,0.3,31-Aug-62,Welland,Canada
89,Gino Sovran,1,1947,1947,6,,5,15,,,1,2,,,1,,,,5,11,0.333,,0.5,,1.8,,0.2,17-Dec-24,Windsor,Canada
90,Nik Stauskas,5,2015,2019,335,6662,765,1967,396,1121,346,425,77,688,513,139,80,339,425,2272,0.389,0.353,0.814,19.9,6.8,2.1,1.5,7-Oct-93,Mississauga,Canada
91,Tristan Thompson,9,2012,2020,619,17372,2344,4524,9,32,1142,1871,2115,5393,624,317,447,718,1438,5839,0.518,0.281,0.61,28.1,9.4,8.7,1,13-Mar-91,Toronto,Canada
92,Ernie Vandeweghe,6,1950,1956,224,3600,818,1942,,,499,674,,834,548,,,,753,2135,0.421,,0.74,26.1,9.5,4.6,2.4,12-Sep-28,Montreal,Canada
93,Bill Wennington,13,1986,2000,720,9740,1379,3006,5,36,538,684,688,2148,440,226,248,440,1680,3301,0.459,0.139,0.787,13.5,4.6,3,0.6,26-Apr-63,Montreal,Canada
94,Andrew Wiggins,6,2015,2020,454,16242,3304,7488,540,1625,1795,2451,572,1977,1065,452,278,954,981,8943,0.441,0.332,0.732,35.8,19.7,4.4,2.3,23-Feb-95,Toronto,Canada
95,Jim Zoet,1,1983,1983,7,30,1,5,0,0,0,0,3,8,1,1,3,4,9,2,0.2,,,4.3,0.3,1.1,0.1,20-Dec-53,Uxbridge,Canada
97,Ben Bentil,1,2017,2017,3,10,0,3,0,1,0,0,0,2,0,0,0,1,1,0,0,0,,3.3,0,0.7,0,29-Mar-95,,Ghana
99,Rodrigue Beaubois,4,2010,2013,182,2896,502,1143,129,397,153,189,47,338,374,124,52,204,312,1286,0.439,0.325,0.81,15.9,7.1,1.9,2.1,24-Feb-88,Pointe-a-Pitre,Guadeloupe
100,Mickaël Gelabale,3,2007,2013,145,2348,263,560,43,136,101,124,107,330,115,50,35,92,186,670,0.47,0.316,0.815,16.2,4.6,2.3,0.8,22-May-83,Pointe Noire,Guadeloupe
101,Mickaël Piétrus,10,2004,2013,557,11950,1625,3821,679,1910,700,1053,440,1723,445,371,230,576,1270,4629,0.425,0.355,0.665,21.5,8.3,3.1,0.8,7-Feb-82,Les Abymes,Guadeloupe
103,Deng Adel,1,2019,2019,19,194,11,36,6,23,4,4,3,19,5,1,4,6,13,32,0.306,0.261,1,10.2,1.7,1,0.3,1-Feb-97,Juba,South Africa
104,Manute Bol,10,1986,1995,624,11698,665,1635,43,205,226,403,596,2647,171,126,2086,451,1457,1599,0.407,0.21,0.561,18.7,2.6,4.2,0.3,16-Oct-62,Gogrial,South Africa
105,Luol Deng,15,2005,2019,902,30941,5130,11257,658,1982,2443,3175,1462,5468,2042,880,444,1459,1499,13361,0.456,0.332,0.769,34.3,14.8,6.1,2.3,16-Apr-85,Wau,South Africa
106,Deng Gai,1,2006,2006,2,5,0,0,0,0,0,0,0,0,0,0,0,0,0,0,,,,2.5,0,0,0,22-Mar-82,Wau,South Africa
107,Thon Maker,4,2017,2020,255,3548,415,958,130,395,226,336,210,708,157,94,169,139,453,1186,0.433,0.329,0.673,13.9,4.7,2.8,0.6,25-Feb-97,Wau,South Africa
109,Óscar Torres,2,2002,2003,82,1184,151,377,44,139,96,125,50,134,43,29,11,57,73,442,0.401,0.317,0.768,14.4,5.4,1.6,0.5,18-Dec-76,Caracas,Venezuela
110,Greivis Vásquez,7,2011,2017,401,9520,1378,3297,412,1180,423,518,125,1021,1935,236,34,753,767,3591,0.418,0.349,0.817,23.7,9,2.5,4.8,16-Jan-87,Caracas,Venezuela
112,Xavier Henry,5,2011,2015,185,2905,368,907,41,126,273,430,81,351,120,100,23,139,264,1050,0.406,0.325,0.635,15.7,5.7,1.9,0.6,15-Mar-91,Gent,Belgium
113,Frank Ntilikina,3,2018,2020,178,3797,408,1115,127,409,123,157,72,385,543,149,48,258,427,1066,0.366,0.311,0.783,21.3,6,2.2,3.1,28-Jul-98,Ixelles,Belgium
114,Tony Parker,18,2002,2019,1254,38279,7777,15830,519,1603,3400,4525,441,3396,7036,1053,98,2865,2059,19473,0.491,0.324,0.751,30.5,15.5,2.7,5.6,17-May-82,Bruges,Belgium
116,Sekou Doumbouya,1,2020,2020,38,754,92,236,28,98,31,46,20,118,19,20,8,35,80,243,0.39,0.286,0.674,19.8,6.4,3.1,0.5,23-Dec-00,Conakry,Guinea
118,Joe Alexander,2,2009,2010,67,745,103,251,16,47,60,86,46,120,44,16,30,52,116,282,0.41,0.34,0.698,11.1,4.2,1.8,0.7,26-Dec-86,Kaohsiung,Taiwan
120,Lazaro Borrell,1,2000,2000,17,167,28,63,0,3,6,11,14,40,10,6,3,6,9,62,0.444,0,0.545,9.8,3.6,2.4,0.6,20-Sep-72,Santa Clara,Cuba
121,Al Cueto,2,1970,1971,149,2239,316,782,5,21,157,221,271,731,144,,,152,423,794,0.404,0.238,0.71,15,5.3,4.9,1,2-Aug-46,Havana,Cuba
122,Andrés Guibert,2,1994,1995,22,200,22,67,0,4,16,25,26,61,12,8,2,18,35,60,0.328,0,0.64,9.1,2.7,2.8,0.5,28-Oct-68,Havana,Cuba
124,Joel Bolomboy,2,2017,2018,18,91,12,22,1,5,6,12,10,27,2,3,2,4,4,31,0.545,0.2,0.5,5.1,1.7,1.5,0.1,28-Jan-94,Kiev,Ukraine
125,Kyrylo Fesenko,5,2008,2012,135,1107,125,252,0,2,55,134,97,269,40,19,53,66,224,305,0.496,0,0.41,8.2,2.3,2,0.3,24-Dec-86,Dnepropetrovsk,Ukraine
126,Viktor Khryapa,4,2005,2008,143,2351,251,567,14,48,127,193,168,492,142,86,48,139,353,643,0.443,0.292,0.658,16.4,4.5,3.4,1,3-Aug-82,Kiev,Ukraine
127,Viacheslav Kravtsov,2,2013,2014,45,283,41,61,0,0,15,45,33,62,10,5,10,20,39,97,0.672,,0.333,6.3,2.2,1.4,0.2,25-Aug-87,Odessa,Ukraine
128,Alex Len,7,2014,2020,467,9170,1417,2863,96,288,783,1134,948,2920,395,191,461,577,1238,3713,0.495,0.333,0.69,19.6,8,6.3,0.8,16-Jun-93,Antratsit,Ukraine
129,Stanislav Medvedenko,7,2001,2007,263,3340,590,1311,2,13,208,281,335,744,136,88,42,159,518,1390,0.45,0.154,0.74,12.7,5.3,2.8,0.5,4-Apr-79,Karapyshi,Ukraine
130,Sviatoslav Mykhailiuk,2,2019,2020,98,1705,212,545,144,374,69,90,26,140,143,55,5,82,112,637,0.389,0.385,0.767,17.4,6.5,1.4,1.5,10-Jun-97,Cherkasy,Ukraine
131,Oleksiy Pecherov,3,2008,2010,111,1044,160,414,45,155,73,92,88,266,20,21,22,59,119,438,0.386,0.29,0.793,9.4,3.9,2.4,0.2,8-Dec-85,Donetsk,Ukraine
132,Vitaly Potapenko,11,1997,2007,610,11608,1639,3424,1,6,716,1031,1067,2725,418,258,209,786,1537,3995,0.479,0.167,0.694,19,6.5,4.5,0.7,21-Mar-75,Kiev,Ukraine
134,Andrea Bargnani,10,2007,2016,550,15806,2932,6676,627,1771,1382,1677,530,2541,653,207,470,851,1338,7873,0.439,0.354,0.824,28.7,14.3,4.6,1.2,26-Oct-85,Rome,Italy
135,Marco Belinelli,13,2008,2020,860,19548,2949,6959,1216,3230,1256,1485,187,1769,1429,488,65,850,1222,8370,0.424,0.376,0.846,22.7,9.7,2.1,1.7,25-Mar-86,San Giovanni in Persiceto,Italy
136,Hank Biasatti,1,1947,1947,6,,2,5,,,2,4,,,0,,,,3,6,0.4,,0.5,,1,,0,14-Jan-22,Beano,Italy
137,Luigi Datome,2,2014,2015,55,447,77,186,25,79,9,11,17,75,20,8,8,20,35,188,0.414,0.316,0.818,8.1,3.4,1.4,0.4,27-Nov-87,Montebelluna,Italy
138,Vincenzo Esposito,1,1996,1996,30,282,36,100,13,56,31,39,4,16,23,7,0,39,27,116,0.36,0.232,0.795,9.4,3.9,0.5,0.8,1-Mar-69,Caserta,Italy
139,Danilo Gallinari,11,2009,2020,611,18886,2989,7004,1211,3184,2691,3083,449,2991,1237,478,240,804,1107,9880,0.427,0.38,0.873,30.9,16.2,4.9,2,8-Aug-88,Sant'Angelo Lodigiano,Italy
140,Reggie Jackson,9,2012,2020,561,14120,2680,6267,659,1955,1186,1383,304,1659,2456,390,66,1078,1094,7205,0.428,0.337,0.858,25.2,12.8,3,4.4,16-Apr-90,Pordenone,Italy
141,Nicolò Melli,1,2020,2020,60,1042,136,323,69,206,54,73,38,180,82,34,23,46,124,395,0.421,0.335,0.74,17.4,6.6,3,1.4,26-Jan-91,Reggio Emilia,Italy
142,Stefano Rusconi,1,1996,1996,7,30,3,9,0,0,2,5,3,6,3,0,2,3,10,8,0.333,,0.4,4.3,1.1,0.9,0.4,2-Oct-68,Bassano del Grappa,Italy
144,Ken Charles,5,1974,1978,322,7637,1083,2458,,,581,736,198,640,806,407,128,37,806,2747,0.441,,0.789,23.7,8.5,2,2.5,10-Jul-51,,Trinidad & Tobago
145,Carl Herrera,8,1992,1999,465,8042,1039,2183,2,14,401,624,577,1690,261,237,204,447,935,2481,0.476,0.143,0.643,17.3,5.3,3.6,0.6,14-Dec-66,Trinidad,Trinidad & Tobago
147,Martynas Andriuškevičius,1,2006,2006,6,9,0,1,0,0,0,0,1,4,0,2,0,0,1,0,0,,,1.5,0,0.7,0,12-Mar-86,Kaunas,Lithuania
148,Ignas Brazdeikis,1,2020,2020,9,53,6,22,1,9,4,5,2,5,4,0,1,2,3,17,0.273,0.111,0.8,5.9,1.9,0.6,0.4,8-Jan-99,Kaunas,Lithuania
149,Zydrunas Ilgauskas,13,1998,2011,843,22965,4207,8842,31,100,2531,3243,2444,6191,955,421,1327,1509,2776,10976,0.476,0.31,0.78,27.2,13,7.3,1.1,5-Jun-75,Kaunas,Lithuania
150,Šarūnas Jasikevičius,2,2006,2007,138,2530,298,751,130,366,207,228,34,222,399,66,5,206,183,933,0.397,0.355,0.908,18.3,6.8,1.6,2.9,5-Mar-76,Kaunas,Lithuania
151,Linas Kleiza,7,2006,2013,409,8185,1268,2912,387,1154,638,836,388,1470,321,159,73,409,886,3561,0.435,0.335,0.763,20,8.7,3.6,0.8,3-Jan-85,Kaunas,Lithuania
152,Mindaugas Kuzminskas,2,2017,2018,69,1018,158,371,54,168,55,68,47,126,69,29,11,51,79,425,0.426,0.321,0.809,14.8,6.2,1.8,1,19-Oct-89,Vilnius,Lithuania
153,Arvydas Macijauskas,1,2006,2006,19,135,14,41,3,12,13,15,3,10,5,7,0,8,10,44,0.341,0.25,0.867,7.1,2.3,0.5,0.3,19-Jan-80,Klaipeda,Lithuania
154,Šarūnas Marčiulionis*,7,1990,1997,363,8123,1571,3109,127,344,1362,1773,292,819,807,459,31,715,971,4631,0.505,0.369,0.768,22.4,12.8,2.3,2.2,13-Jun-64,Kaunas,Lithuania
155,Donatas Motiejūnas,6,2013,2019,251,4566,731,1558,121,404,249,417,298,952,269,118,82,287,538,1832,0.469,0.3,0.597,18.2,7.3,3.8,1.1,20-Sep-90,Kaunas,Lithuania
156,Arvydas Sabonis*,7,1996,2003,470,11375,2082,4160,136,415,1329,1690,734,3436,964,370,494,837,1290,5629,0.5,0.328,0.786,24.2,12,7.3,2.1,19-Dec-64,Kaunas,Lithuania
157,Darius Songaila,8,2004,2011,495,9229,1449,2904,3,19,514,609,553,1689,589,324,106,486,1197,3415,0.499,0.158,0.844,18.6,6.9,3.4,1.2,14-Feb-78,Marijampole,Lithuania
158,Jonas Valančiūnas,8,2013,2020,559,14146,2753,4896,77,217,1364,1747,1474,4952,522,214,585,862,1556,6947,0.562,0.355,0.781,25.3,12.4,8.9,0.9,6-May-92,Utena,Lithuania
160,Martin Müürsepp,2,1997,1998,83,951,137,322,20,62,95,137,81,181,50,41,25,47,154,389,0.425,0.323,0.693,11.5,4.7,2.2,0.6,26-Sep-74,Tallinn,Estonia
162,Giannis Antetokounmpo,7,2014,2020,528,17137,3873,7357,309,1087,2547,3526,888,4700,2275,620,692,1458,1589,10602,0.526,0.284,0.722,32.5,20.1,8.9,4.3,6-Dec-94,Athens,Greece
163,Kostas Antetokounmpo,2,2019,2020,7,31,3,6,0,0,3,6,2,4,2,2,0,2,2,9,0.5,,0.5,4.4,1.3,0.6,0.3,20-Nov-97,Athens,Greece
164,Thanasis Antetokounmpo,2,2016,2020,22,135,27,52,0,11,7,17,12,25,15,7,2,12,20,61,0.519,0,0.412,6.1,2.8,1.1,0.7,18-Jul-92,Athens,Greece
165,Antonis Fotsis,1,2002,2002,28,320,42,104,7,23,17,20,25,62,10,9,11,21,22,108,0.404,0.304,0.85,11.4,3.9,2.2,0.4,1-Apr-81,Athens,Greece
166,Andreas Glyniadakis,1,2007,2007,13,81,8,17,0,0,1,2,2,8,1,0,0,9,19,17,0.471,,0.5,6.2,1.3,0.6,0.1,21-Aug-81,Hania,Greece
167,Georgios Papagiannis,2,2017,2018,39,477,74,144,0,2,12,14,37,123,29,7,23,32,56,160,0.514,0,0.857,12.2,4.1,3.2,0.7,3-Jul-97,Amarousio,Greece
168,Kostas Papanikolaou,2,2015,2016,69,1089,93,263,41,138,22,32,47,158,101,42,18,76,95,249,0.354,0.297,0.688,15.8,3.6,2.3,1.5,31-Jul-90,Trikala,Greece
169,Efthimi Rentzias,1,2003,2003,35,144,20,59,4,8,8,9,10,26,7,6,2,4,21,52,0.339,0.5,0.889,4.1,1.5,0.7,0.2,11-Jan-76,Trikala,Greece
170,Vassilis Spanoulis,1,2007,2007,31,272,23,72,5,29,34,42,5,22,28,7,1,29,33,85,0.319,0.172,0.81,8.8,2.7,0.7,0.9,7-Aug-82,Larissa,Greece
172,Ronny Turiaf,10,2006,2015,473,8020,856,1607,0,7,497,782,520,1757,618,181,593,358,1116,2209,0.533,0,0.636,17,4.7,3.7,1.3,13-Jan-83,Le Robert,Martinique
174,Mengke Bateer,3,2002,2004,46,494,61,156,5,15,29,39,39,114,27,11,5,40,118,156,0.391,0.333,0.744,10.7,3.4,2.5,0.6,20-Nov-75,Beijing,China
175,Yi Jianlian,5,2008,2012,272,6038,813,2012,75,225,447,573,379,1339,192,136,184,302,618,2148,0.404,0.333,0.78,22.2,7.9,4.9,0.7,27-Oct-87,He Shan,China
176,Tom Meschery,10,1962,1971,778,23459,3877,8793,,,2150,2885,,6698,1331,,,,2841,9904,0.441,,0.745,30.2,12.7,8.6,1.7,26-Oct-38,Harbin Manchuria,China
177,Yao Ming*,8,2003,2011,486,15818,3380,6445,2,10,2485,2984,1233,4494,769,189,920,1311,1596,9247,0.524,0.2,0.833,32.5,19,9.2,1.6,12-Sep-80,Shanghai,China
178,Zhou Qi,2,2018,2019,19,125,7,33,2,19,8,12,6,22,2,2,14,10,14,24,0.212,0.105,0.667,6.6,1.3,1.2,0.1,16-Jan-96,Henan,China
179,Sun Yue,1,2009,2009,10,28,3,11,0,6,0,0,0,0,2,1,1,3,10,6,0.273,0,,2.8,0.6,0,0.2,6-Nov-85,Hebei,China
180,Wang Zhizhi,5,2001,2005,137,1256,213,511,70,182,108,147,56,231,39,25,35,68,155,604,0.417,0.385,0.735,9.2,4.4,1.7,0.3,8-Jul-77,Beijing,China
182,Lars Hansen,1,1979,1979,15,205,29,57,,,18,31,22,59,14,1,1,9,28,76,0.509,,0.581,13.7,5.1,3.9,0.9,14-Sep-54,Copenhagen,Denmark
184,Álex Abrines,3,2017,2019,174,2777,305,789,219,595,95,108,49,248,88,92,22,72,291,924,0.387,0.368,0.88,16,5.3,1.4,0.5,1-Aug-93,Palma de Mallorca,Spain
185,Wallace Bryant,3,1984,1986,102,1395,134,329,0,0,55,96,128,374,112,35,40,71,196,323,0.407,,0.573,13.7,3.2,3.7,1.1,14-Jul-59,Madrid,Spain
186,José Calderón,14,2006,2019,895,23643,3038,6440,920,2260,925,1060,303,2148,5148,716,71,1339,1476,7921,0.472,0.407,0.873,26.4,8.9,2.4,5.8,28-Sep-81,Villanueva de la Serena,Spain
187,Victor Claver,3,2013,2015,80,1072,100,251,34,116,24,41,43,178,56,30,16,58,103,258,0.398,0.293,0.585,13.4,3.2,2.2,0.7,30-Aug-88,Valencia,Spain
188,Rudy Fernández,4,2009,2012,249,5965,740,1853,413,1147,361,430,128,608,554,249,40,286,369,2254,0.399,0.36,0.84,24,9.1,2.4,2.2,4-Apr-85,Palma de Mallorca,Spain
189,Jorge Garbajosa,2,2007,2008,74,1983,230,554,72,209,57,78,50,345,128,81,15,65,92,589,0.415,0.344,0.731,26.8,8,4.7,1.7,19-Dec-77,Madrid,Spain
190,Marc Gasol,12,2009,2020,839,27726,4547,9444,381,1075,2777,3575,1373,6389,2887,766,1196,1702,2436,12252,0.481,0.354,0.777,33,14.6,7.6,3.4,29-Jan-85,Barcelona,Spain
191,Pau Gasol,18,2002,2019,1226,41001,7980,15729,179,486,4755,6311,3085,11305,3925,606,1941,2638,2632,20894,0.507,0.368,0.753,33.4,17,9.2,3.2,6-Jul-80,Barcelona,Spain
192,Juan Hernangómez,4,2017,2020,205,3310,368,860,170,473,177,245,168,703,136,82,48,109,245,1083,0.428,0.359,0.722,16.1,5.3,3.4,0.7,28-Sep-95,Madrid,Spain
193,Willy Hernangómez,4,2017,2020,209,3006,564,1063,29,88,287,418,391,1130,218,85,79,223,344,1444,0.531,0.33,0.687,14.4,6.9,5.4,1,27-May-94,Madrid,Spain
194,Raül López,2,2004,2005,113,2135,280,652,45,130,128,150,31,194,428,84,5,221,278,733,0.429,0.346,0.853,18.9,6.5,1.7,3.8,15-Apr-80,Vic,Spain
195,Fernando Martín,1,1987,1987,24,146,9,31,0,1,4,11,8,28,9,7,1,20,24,22,0.29,0,0.364,6.1,0.9,1.2,0.4,25-Mar-62,Madrid,Spain
196,Juan Carlos Navarro,1,2008,2008,82,2117,308,766,156,432,124,146,34,210,177,48,1,134,94,896,0.402,0.361,0.849,25.8,10.9,2.6,2.2,13-Jun-80,Sant Feliu de Llobregat,Spain
197,Sergio Rodríguez,5,2007,2017,353,5281,676,1651,202,600,193,261,121,525,1183,212,13,491,441,1747,0.409,0.337,0.739,15,4.9,1.5,3.4,12-Jun-86,Tenerife,Spain
198,Ricky Rubio,9,2012,2020,563,17386,2065,5277,491,1499,1751,2082,376,2396,4387,1053,77,1536,1473,6372,0.391,0.328,0.841,30.9,11.3,4.3,7.8,21-Oct-90,El Masnou,Spain
199,Wally Szczerbiak,10,2000,2009,651,20052,3486,7193,590,1453,1633,1899,671,2602,1532,388,160,970,1380,9195,0.485,0.406,0.86,30.8,14.1,4,2.4,5-Mar-77,Madrid,Spain
201,Bruno Fernando,1,2020,2020,56,713,103,199,5,37,29,51,67,198,49,18,17,42,107,240,0.518,0.135,0.569,12.7,4.3,3.5,0.9,15-Aug-98,Luanda,Angola
203,Pero Antić,2,2014,2015,113,1962,231,590,108,344,138,189,115,398,107,37,26,104,258,708,0.392,0.314,0.73,17.4,6.3,3.5,0.9,29-Jul-82,Skopje,Macedonia
204,Cedi Osman,3,2018,2020,202,5026,716,1639,285,782,230,321,103,708,390,136,30,237,433,1947,0.437,0.364,0.717,24.9,9.6,3.5,1.9,8-Apr-95,Ohrid,Macedonia
206,Dalibor Bagarić,3,2001,2003,95,973,97,269,0,2,57,102,84,238,37,29,43,72,163,251,0.361,0,0.559,10.2,2.6,2.5,0.4,7-Feb-80,Munich,Germany
207,Uwe Blab,5,1986,1990,235,1966,185,427,0,0,135,222,128,413,102,19,85,141,344,505,0.433,,0.608,8.4,2.1,1.8,0.4,26-Mar-62,Munich,Germany
208,Isaac Bonga,2,2019,2020,88,1370,123,267,25,79,78,100,80,247,91,54,26,64,165,349,0.461,0.316,0.78,15.6,4,2.8,1,8-Nov-99,Neuwied,Germany
209,Carlos Boozer,13,2003,2015,861,26901,5847,11221,1,14,2281,3158,2037,8192,1928,765,346,1824,2612,13976,0.521,0.071,0.722,31.2,16.2,9.5,2.2,20-Nov-81,Aschaffenburg,Germany
210,Shawn Bradley,12,1994,2005,832,19531,2713,5935,4,39,1322,1847,1743,5268,573,532,2119,1059,2567,6752,0.457,0.103,0.716,23.5,8.1,6.3,0.7,22-Mar-72,Landstuhl,Germany
211,John Brown,7,1974,1980,486,10108,1348,2979,0,0,918,1172,824,2126,703,250,76,234,1449,3614,0.453,,0.783,20.8,7.4,4.4,1.4,14-Dec-51,Frankfurt,Germany
212,Kenton Edelin,1,1985,1985,10,143,4,13,0,0,3,8,8,26,10,5,4,3,39,11,0.308,,0.375,14.3,1.1,2.6,1,24-May-62,Heidelburg,Germany
213,Jo Jo English,3,1993,1995,50,577,74,178,11,32,20,36,12,54,46,18,13,46,85,179,0.416,0.344,0.556,11.5,3.6,1.1,0.9,4-Feb-70,Frankfurt,Germany
214,Frido Frey,1,1947,1947,23,,28,97,,,32,56,,,14,,,,37,88,0.289,,0.571,,3.8,,0.6,26-Oct-21,,Germany
215,Donté Greene,4,2009,2012,253,4259,585,1441,165,542,206,294,140,600,183,111,116,222,373,1541,0.406,0.304,0.701,16.8,6.1,2.4,0.7,21-Feb-88,Munich,Germany
216,Elias Harris,1,2014,2014,2,11,0,1,0,0,0,0,1,1,1,1,0,0,0,0,0,,,5.5,0,0.5,0.5,6-Jul-89,Speyer,Germany
217,Charlie Hoefer,2,1947,1948,65,,133,533,,,95,147,,,36,,,,159,361,0.25,,0.646,,5.6,,0.6,16-Sep-21,Frankfort,Germany
218,Maxi Kleber,3,2018,2020,217,4598,563,1209,236,665,181,226,273,951,209,87,208,142,433,1543,0.466,0.355,0.801,21.2,7.1,4.4,1,29-Jan-92,Wurzburg,Germany
219,Dirk Nowitzki,21,1999,2019,1522,51368,11169,23734,1982,5210,7240,8239,1468,11489,3651,1210,1281,2494,3601,31560,0.471,0.38,0.879,33.8,20.7,7.5,2.4,19-Jun-78,Wurzburg,Germany
220,Tim Ohlbrecht,1,2013,2013,3,12,1,3,0,0,1,1,0,1,1,1,0,4,1,3,0.333,,1,4,1,0.3,0.3,30-Aug-88,Wuppertal,Germany
221,Tibor Pleiß,1,2016,2016,12,82,11,25,0,2,2,2,6,15,2,1,2,8,19,24,0.44,0,1,6.8,2,1.3,0.2,2-Nov-89,Bergisch Gladbach,Germany
222,Anthony Randolph,6,2009,2014,252,3841,677,1494,20,83,415,561,335,1078,187,150,224,298,456,1789,0.453,0.241,0.74,15.2,7.1,4.3,0.7,15-Jul-89,Worzbach,Germany
223,Detlef Schrempf,16,1986,2001,1136,33597,5400,10995,475,1236,4486,5585,1871,7023,3833,856,312,2268,3360,15761,0.491,0.384,0.803,29.6,13.9,6.2,3.4,21-Jan-63,Leverkusen,Germany
224,Dennis Schröder,7,2014,2020,496,12654,2643,6063,564,1674,1148,1387,202,1404,2260,392,61,1173,950,6998,0.436,0.337,0.828,25.5,14.1,2.8,4.6,15-Sep-93,Braunschweig,Germany
225,Daniel Theis,3,2018,2020,194,3410,513,925,76,221,204,271,317,925,235,88,174,143,537,1306,0.555,0.344,0.753,17.6,6.7,4.8,1.2,4-Apr-92,Salzgitter,Germany
226,Kiki Vandeweghe,13,1981,1993,810,24521,6139,11699,218,592,3484,3997,893,2785,1668,468,243,1310,1560,15980,0.525,0.368,0.872,30.3,19.7,3.4,2.1,1-Aug-58,Wiesbaden,Germany
227,Moritz Wagner,2,2019,2020,88,1281,216,437,47,157,121,148,73,304,80,39,32,105,209,600,0.494,0.299,0.818,14.6,6.8,3.5,0.9,26-Apr-97,Berlin,Germany
228,Duane Washington,2,1988,1993,19,184,18,47,2,4,16,20,5,24,39,13,0,11,25,54,0.383,0.5,0.8,9.7,2.8,1.3,2.1,31-Aug-64,Eschwege,Germany
229,Chris Welp,3,1988,1990,109,1173,140,314,0,1,79,116,88,265,43,34,54,66,259,359,0.446,0,0.681,10.8,3.3,2.4,0.4,2-Jan-64,Delmenhorst,Germany
230,Paul Zipser,2,2017,2018,98,1667,169,455,70,209,50,65,28,256,82,35,31,83,164,458,0.371,0.335,0.769,17,4.7,2.6,0.8,18-Feb-94,Heidelberg,Germany
232,Serge Ibaka,11,2010,2020,808,23109,4215,8201,532,1477,1181,1559,1744,5944,622,351,1672,1089,2279,10143,0.514,0.36,0.758,28.6,12.6,7.4,0.8,18-Sep-89,Brazzaville,Congo
234,David Andersen,2,2010,2011,103,1264,203,461,35,101,60,89,74,292,57,20,21,59,159,501,0.44,0.347,0.674,12.3,4.9,2.8,0.6,23-Jun-80,Carlton,Australia
235,Chris Anstey,3,1998,2000,155,2157,303,734,4,29,203,269,178,534,127,78,65,147,373,813,0.413,0.138,0.755,13.9,5.2,3.4,0.8,1-Jan-75,Melbourne,Australia
236,Cameron Bairstow,2,2015,2016,36,167,16,54,1,5,11,13,10,36,7,4,4,7,27,44,0.296,0.2,0.846,4.6,1.2,1,0.2,7-Dec-90,Brisbane,Australia
237,Andrew Bogut,14,2006,2019,705,19862,2986,5585,3,25,833,1495,1754,6112,1546,442,1091,1204,2186,6808,0.535,0.12,0.557,28.2,9.7,8.7,2.2,28-Nov-84,Melbourne,Australia
238,Jonah Bolden,2,2019,2020,51,686,84,173,34,100,15,31,50,174,40,20,41,38,109,217,0.486,0.34,0.484,13.5,4.3,3.4,0.8,2-Jan-96,Melbourne,Australia
239,Mark Bradtke,1,1997,1997,36,251,25,58,0,0,9,13,26,68,7,5,5,9,34,59,0.431,,0.692,7,1.6,1.9,0.2,27-Sep-68,Adelaide,Australia
240,Ryan Broekhoff,2,2019,2020,59,633,79,185,58,144,22,27,13,106,33,11,8,22,50,238,0.427,0.403,0.815,10.7,4,1.8,0.6,23-Aug-90,Melbourne,Australia
241,Mitch Creek,1,2019,2019,5,48,8,16,0,2,5,7,6,12,6,2,0,1,3,21,0.5,0,0.714,9.6,4.2,2.4,1.2,27-Apr-92,Horsham,Australia
242,Matthew Dellavedova,7,2014,2020,434,8849,863,2217,396,1075,305,364,161,774,1591,202,20,546,824,2427,0.389,0.368,0.838,20.4,5.6,1.8,3.7,8-Sep-90,Maryborough,Australia
243,Dante Exum,5,2015,2020,239,4429,499,1226,165,536,203,265,89,424,502,97,42,301,420,1366,0.407,0.308,0.766,18.5,5.7,1.8,2.1,13-Jul-95,Melbourne,Australia
244,Andrew Gaze,2,1994,1999,26,128,16,42,9,24,2,2,3,12,11,4,2,7,16,43,0.381,0.375,1,4.9,1.7,0.5,0.4,24-Jul-65,Melbourne,Australia
245,Shane Heal,2,1997,2004,49,308,33,121,24,83,7,10,3,22,38,4,3,22,22,97,0.273,0.289,0.7,6.3,2,0.4,0.8,6-Sep-70,Melbourne,Australia
246,Isaac Humphries,1,2019,2019,5,56,6,21,3,11,0,0,4,11,0,1,0,0,7,15,0.286,0.273,,11.2,3,2.2,0,5-Jan-98,Sydney,Australia
247,Joe Ingles,6,2015,2020,478,12169,1415,3169,810,1991,320,426,150,1539,1737,476,73,764,897,3960,0.447,0.407,0.751,25.5,8.3,3.2,3.6,2-Oct-87,Happy Valley,Australia
248,Kyrie Irving,9,2012,2020,528,17827,4346,9332,1119,2870,2031,2316,407,1955,3012,699,187,1395,1171,11842,0.466,0.39,0.877,33.8,22.4,3.7,5.7,23-Mar-92,Melbourne,Australia
249,Nathan Jawai,2,2009,2010,45,431,50,115,0,1,26,38,50,106,24,10,9,29,61,126,0.435,0,0.684,9.6,2.8,2.4,0.5,10-Oct-86,Sydney,Australia
250,Luc Longley,10,1992,2001,567,12006,1685,3647,0,5,720,947,872,2794,836,278,549,942,1730,4090,0.462,0,0.76,21.2,7.2,4.9,1.5,19-Jan-69,Melbourne,Australia
251,Mangok Mathiang,1,2018,2018,4,20,4,7,0,0,0,1,3,10,0,1,0,0,5,8,0.571,,0,5,2,2.5,0,8-Oct-92,Melbourne,Australia
252,Patty Mills,11,2010,2020,671,12982,2111,4901,1059,2719,580,681,211,1118,1549,440,53,659,883,5861,0.431,0.389,0.852,19.3,8.7,1.7,2.3,11-Aug-88,Canberra,Australia
253,Luke Schenscher,2,2006,2007,31,267,23,49,0,0,9,20,18,54,8,3,7,9,46,55,0.469,,0.45,8.6,1.8,1.7,0.3,31-Dec-82,Hope Forest,Australia
254,Ben Simmons,3,2018,2020,217,7449,1459,2605,2,24,633,1067,430,1800,1726,371,164,752,606,3553,0.56,0.083,0.593,34.3,16.4,8.3,8,20-Jul-96,Melbourne,Australia
256,Omri Casspi,10,2010,2019,588,11959,1718,3781,493,1339,713,1052,473,2355,662,362,134,595,917,4642,0.454,0.368,0.678,20.3,7.9,4,1.1,22-Jun-88,Holon,Israel
257,T.J. Leaf,3,2018,2020,139,1203,199,405,31,91,36,63,95,278,42,24,27,30,102,465,0.491,0.341,0.571,8.7,3.3,2,0.3,30-Apr-97,Tel Aviv,Israel
258,Gal Mekel,2,2014,2015,35,335,33,106,5,23,8,12,5,28,76,6,1,33,32,79,0.311,0.217,0.667,9.6,2.3,0.8,2.2,4-Mar-88,Petah Tikva,Israel
260,Jakob Poeltl,4,2017,2020,279,4594,673,1055,1,2,180,336,552,1343,278,122,283,216,575,1527,0.638,0.5,0.536,16.5,5.5,4.8,1,15-Oct-95,Vienna,Austria
262,Chris Boucher,3,2018,2020,91,983,175,376,50,156,104,131,123,334,28,28,85,35,145,504,0.465,0.321,0.794,10.8,5.5,3.7,0.3,11-Jan-93,Castries,Saint Lucia
264,Tariq Abdul-Wahad,6,1998,2003,236,4807,720,1726,18,76,372,529,286,776,266,184,83,309,485,1830,0.417,0.237,0.703,20.4,7.8,3.3,1.1,3-Nov-74,Maisons Alfort,France
265,Alexis Ajinça,7,2009,2017,293,3905,645,1283,12,42,251,315,346,1150,143,102,181,249,661,1553,0.503,0.286,0.797,13.3,5.3,3.9,0.5,6-May-88,Saint-Etienne,France
266,Nicolas Batum,12,2009,2020,789,24733,3245,7470,1247,3496,1381,1642,835,4137,2967,747,500,1449,1398,9118,0.434,0.357,0.841,31.3,11.6,5.2,3.8,14-Dec-88,Lisieux,France
267,Nando De Colo,2,2013,2014,119,1414,169,394,49,135,66,79,37,211,203,63,12,116,135,453,0.429,0.363,0.835,11.9,3.8,1.8,1.7,23-Jun-87,Sainte-Catherine-les-Arras,France
268,Boris Diaw,14,2004,2017,1064,28768,3805,7711,475,1413,1054,1470,1258,4634,3684,648,510,1897,2269,9139,0.493,0.336,0.717,27,8.6,4.4,3.5,16-Apr-82,Cormeilles-en-Parisis,France
269,Yakhouba Diawara,4,2007,2010,187,2614,233,653,122,405,67,103,77,258,122,52,16,72,276,655,0.357,0.301,0.65,14,3.5,1.4,0.7,29-Aug-82,Paris,France
270,Evan Fournier,8,2013,2020,523,14858,2663,5930,933,2485,1119,1387,224,1433,1360,444,59,862,1278,7378,0.449,0.375,0.807,28.4,14.1,2.7,2.6,29-Oct-92,Saint-Maurice,France
271,Rudy Gobert,7,2014,2020,474,13994,2043,3193,0,3,1464,2321,1542,5191,646,327,1030,771,1240,5550,0.64,0,0.631,29.5,11.7,11,1.4,26-Jun-92,Saint-Quentin,France
272,Jaylen Hoard,1,2020,2020,13,103,15,32,0,3,8,13,14,32,4,5,0,4,12,38,0.469,0,0.615,7.9,2.9,2.5,0.3,30-Mar-99,Le Havre,France
273,William Howard,1,2020,2020,2,13,0,4,0,4,0,0,0,2,1,0,0,1,1,0,0,0,,6.5,0,1,0.5,25-Oct-93,Montbrison,France
274,Joffrey Lauvergne,4,2015,2018,208,2823,477,995,49,172,156,217,239,789,180,55,34,165,286,1159,0.479,0.285,0.719,13.6,5.6,3.8,0.9,30-Sep-91,Mulhouse,France
275,Timothé Luwawu-Cabarrot,4,2017,2020,218,3519,444,1115,201,595,251,303,79,445,184,81,30,169,430,1340,0.398,0.338,0.828,16.1,6.1,2,0.8,9-May-95,Cannes,France
276,Ian Mahinmi,12,2008,2020,618,10353,1201,2254,8,50,799,1305,937,2705,357,357,443,601,1635,3209,0.533,0.16,0.612,16.8,5.2,4.4,0.6,5-Nov-86,Rouen,France
277,Cozell McQueen,1,1987,1987,3,7,3,3,0,0,0,0,3,8,0,0,1,0,1,6,1,,,2.3,2,2.7,0,18-Jan-62,Paris,France
278,Jérôme Moïso,5,2001,2005,145,1392,158,323,0,3,70,118,126,395,38,45,68,104,183,386,0.489,0,0.593,9.6,2.7,2.7,0.3,15-Jun-78,Paris,France
279,Adam Mokoka,1,2020,2020,11,112,12,28,6,15,2,4,7,10,4,4,0,2,17,32,0.429,0.4,0.5,10.2,2.9,0.9,0.4,18-Jul-98,Paris,France
280,Erik Murphy,1,2014,2014,24,62,3,13,0,3,0,0,2,8,2,0,4,2,7,6,0.231,0,,2.6,0.3,0.3,0.1,26-Oct-90,Lyon,France
281,Elie Okobo,2,2019,2020,108,1677,186,471,64,203,87,118,28,188,242,56,11,107,163,523,0.395,0.315,0.737,15.5,4.8,1.7,2.2,23-Oct-97,Bordeaux,France
282,Johan Petro,8,2006,2013,473,7262,976,2114,2,13,248,366,536,1836,227,193,234,374,1158,2202,0.462,0.154,0.678,15.4,4.7,3.9,0.5,27-Jan-86,Paris,France
283,Vincent Poirier,1,2020,2020,22,130,17,36,1,2,6,7,13,43,8,2,9,8,25,41,0.472,0.5,0.857,5.9,1.9,2,0.4,17-Oct-93,Clamart,France
284,Antoine Rigaudeau,1,2003,2003,11,91,8,35,1,5,0,0,4,8,6,3,0,6,11,17,0.229,0.2,,8.3,1.5,0.7,0.5,17-Dec-71,Cholet,France
285,Michael Stewart,8,1998,2005,286,3303,246,556,0,0,131,251,349,907,88,56,278,142,557,623,0.442,,0.522,11.5,2.2,3.2,0.3,25-Apr-75,Cucq-Trepied-Stella-Plage,France
286,Pape Sy,1,2011,2011,3,21,2,6,0,1,3,3,2,3,2,1,0,3,1,7,0.333,0,1,7,2.3,1,0.7,5-Apr-88,Loudeac,France
287,Axel Toupane,2,2016,2017,25,352,30,79,14,44,13,17,8,32,15,8,7,6,46,87,0.38,0.318,0.765,14.1,3.5,1.3,0.6,23-Jul-92,Mulhouse,France
288,Dominique Wilkins*,15,1983,1999,1074,38113,9963,21589,711,2231,6031,7438,2950,7169,2677,1378,642,2669,2061,26668,0.461,0.319,0.811,35.5,24.8,6.7,2.5,12-Jan-60,Paris,France
289,Guerschon Yabusele,2,2018,2019,74,486,61,138,21,65,30,44,40,105,31,12,12,27,55,173,0.442,0.323,0.682,6.6,2.3,1.4,0.4,17-Dec-95,Dreux,France
291,Hasheem Thabeet,5,2010,2014,224,2357,182,321,0,0,119,206,203,595,27,59,184,123,453,483,0.567,,0.578,10.5,2.2,2.7,0.1,16-Feb-87,Dar es Salaam,Tanzania
293,Norvel Pelle,1,2020,2020,24,232,25,48,0,1,7,14,20,72,8,3,31,18,55,57,0.521,0,0.5,9.7,2.4,3,0.3,3-Feb-93,St. John's,Antigua Barbuda
295,Dairis Bertāns,1,2019,2019,12,167,12,47,10,34,0,0,2,9,10,1,0,2,7,34,0.255,0.294,,13.9,2.8,0.8,0.8,9-Sep-89,Valmiera,Latvia
296,Dāvis Bertāns,4,2017,2020,274,5109,733,1663,508,1235,225,265,98,760,312,118,122,170,440,2199,0.441,0.411,0.849,18.6,8,2.8,1.1,12-Nov-92,Valmiera,Latvia
297,Andris Biedriņš,10,2005,2014,516,11146,1432,2409,0,2,383,766,1190,3631,467,331,580,479,1626,3247,0.594,0,0.5,21.6,6.3,7,0.9,2-Apr-86,Riga,Latvia
298,Rodions Kurucs,2,2019,2020,110,1978,281,626,91,274,96,130,81,383,103,66,30,123,236,749,0.449,0.332,0.738,18,6.8,3.5,0.9,5-Feb-98,Cesis,Latvia
299,Anžejs Pasečņiks,1,2020,2020,27,437,61,116,0,3,34,58,42,107,18,9,12,24,75,156,0.526,0,0.586,16.2,5.8,4,0.7,20-Dec-95,Riga,Latvia
300,Kristaps Porziņģis,4,2016,2020,243,7578,1604,3692,425,1188,843,1050,405,1857,350,177,493,424,775,4476,0.434,0.358,0.803,31.2,18.4,7.6,1.4,2-Aug-95,Liepaja,Latvia
301,Gundars Vētra,1,1993,1993,13,89,19,40,3,3,4,6,4,8,6,2,0,2,12,45,0.475,1,0.667,6.8,3.5,0.6,0.5,22-May-67,Ventspils,Latvia
303,Jonas Jerebko,9,2010,2019,635,11323,1465,3203,400,1101,589,765,763,2522,525,321,153,438,1225,3919,0.457,0.363,0.77,17.8,6.2,4,0.8,2-Mar-87,Kinna,Sweden
304,Miles Simon,1,1999,1999,5,19,1,5,0,2,0,0,1,2,0,1,0,3,1,2,0.2,0,,3.8,0.4,0.4,0,21-Nov-75,Stockholm,Sweden
305,Jeffery Taylor,3,2013,2015,132,2566,299,731,82,257,127,191,80,263,107,72,21,92,234,807,0.409,0.319,0.665,19.4,6.1,2,0.8,23-May-89,Norrkoping,Sweden
307,Stéphane Lasme,1,2008,2008,16,303,32,71,0,0,19,32,26,53,3,13,22,15,35,83,0.451,,0.594,18.9,5.2,3.3,0.2,17-Dec-82,Port-Gentil,Gabon
308,Chris Silva,1,2020,2020,44,346,48,78,0,3,37,55,60,126,23,9,21,32,85,133,0.615,0,0.673,7.9,3,2.9,0.5,19-Sep-96,Libreville,Gabon
310,Rolando Blackman,13,1982,1994,980,32087,6887,13969,229,667,3620,4309,1047,3278,2981,715,274,1829,1634,17623,0.493,0.343,0.84,32.7,18,3.3,3,26-Feb-59,Panama City,Panama
311,Gary Forbes,2,2011,2012,111,1504,236,544,48,141,125,178,55,218,103,47,10,100,133,645,0.434,0.34,0.702,13.5,5.8,2,0.9,25-Feb-85,Colon,Panama
312,Rubén Garcés,1,2001,2001,13,73,7,22,0,0,2,8,16,29,5,3,2,5,14,16,0.318,,0.25,5.6,1.2,2.2,0.4,17-Oct-73,Colon,Panama
313,Stuart Gray,7,1985,1991,386,3457,338,758,0,7,230,347,309,1020,148,64,133,243,645,906,0.446,0,0.663,9,2.3,2.6,0.4,27-May-63,Panama Canal Zone,Panama
315,Ernie Grunfeld,9,1978,1986,693,12916,2065,4328,33,98,961,1248,516,1815,1419,472,134,801,1511,5124,0.477,0.337,0.77,18.6,7.4,2.6,2,24-Apr-55,Satu-Mare,Romania
316,Gheorghe Mureșan,6,1994,2000,307,6729,1265,2206,0,1,490,761,658,1957,150,171,455,446,958,3020,0.573,0,0.644,21.9,9.8,6.4,0.5,14-Feb-71,Triteni,Romania
318,Mike Flynn,3,1976,1978,211,3376,536,1279,25,99,220,350,186,437,454,142,25,156,270,1317,0.419,0.253,0.629,16,6.2,2.1,2.2,31-Jul-53,Casablanca,Morocco
320,Dragan Bender,4,2017,2020,187,3755,373,934,183,567,85,130,113,720,237,54,106,202,372,1014,0.399,0.323,0.654,20.1,5.4,3.9,1.3,17-Nov-97,Capljina,Bosnia
321,Bojan Bogdanović,6,2015,2020,462,13172,2305,5008,872,2215,1088,1268,225,1607,689,255,37,723,746,6570,0.46,0.394,0.858,28.5,14.2,3.5,1.5,18-Apr-89,Mostar,Bosnia
322,Sasha Danilović,2,1996,1997,75,2331,331,754,119,314,176,223,41,182,149,69,12,153,209,957,0.439,0.379,0.789,31.1,12.8,2.4,2,26-Feb-70,Sarajevo,Bosnia
323,Mile Ilić,1,2007,2007,5,6,0,3,0,0,0,0,0,1,0,0,0,3,1,0,0,,,1.2,0,0.2,0,2-Jun-84,Tuzla,Bosnia
324,Ognjen Kuzmić,2,2014,2015,37,164,13,25,0,0,9,15,17,38,8,5,5,15,30,35,0.52,,0.6,4.4,0.9,1,0.2,16-May-90,Doboj,Bosnia
325,Damir Markota,1,2007,2007,30,170,19,52,6,16,7,11,11,31,6,3,1,15,22,51,0.365,0.375,0.636,5.7,1.7,1,0.2,26-Dec-85,Sarajevo,Bosnia
326,Džanan Musa,2,2019,2020,49,526,73,194,20,88,45,62,22,91,45,17,1,40,31,211,0.376,0.227,0.726,10.7,4.3,1.9,0.9,8-May-99,Bihac,Bosnia
327,Jusuf Nurkić,6,2015,2020,318,7356,1497,3045,5,52,750,1114,799,2562,621,272,416,654,995,3749,0.492,0.096,0.673,23.1,11.8,8.1,2,23-Aug-94,Tuzla,Bosnia
328,Zoran Planinić,3,2004,2006,148,1584,197,486,37,128,130,192,47,198,165,58,7,120,237,561,0.405,0.289,0.677,10.7,3.8,1.3,1.1,12-Sep-82,Mostar,Bosnia
329,Vladimir Radmanović,12,2002,2013,737,16164,2148,5177,971,2567,612,807,654,2784,998,537,263,837,1552,5879,0.415,0.378,0.758,21.9,8,3.8,1.4,19-Nov-80,Trebinje,Bosnia
330,Mirza Teletović,6,2013,2018,324,5765,927,2285,541,1460,241,319,189,1042,273,104,82,255,552,2636,0.406,0.371,0.755,17.8,8.1,3.2,0.8,18-Sep-85,Mostar,Bosnia
331,Ratko Varda,1,2002,2002,1,6,2,3,0,0,1,1,0,1,0,0,0,1,3,5,0.667,,1,6,5,1,0,6-May-79,Bosanska Gradiska,Bosnia
332,Ivica Zubac,4,2017,2020,212,3385,635,1124,0,6,296,392,398,1187,200,52,165,187,418,1566,0.565,0,0.755,16,7.4,5.6,0.9,18-Mar-97,Mostar,Bosnia
334,Garth Joseph,1,2001,2001,4,16,1,5,0,0,0,2,2,2,1,0,1,2,1,2,0.2,,0,4,0.5,0.5,0.3,8-Aug-73,Roseau,Dominica
336,Ruben Boumtje-Boumtje,3,2002,2004,44,276,14,38,0,0,15,27,22,57,6,4,17,14,40,43,0.368,,0.556,6.3,1,1.3,0.1,20-May-78,Edea,Cameroon
337,Joel Embiid,4,2017,2020,209,6358,1672,3485,238,747,1423,1795,505,2397,651,158,374,736,706,5005,0.48,0.319,0.793,30.4,23.9,11.5,3.1,16-Mar-94,Yaounde,Cameroon
338,Luc Mbah a Moute,12,2009,2020,689,16038,1685,3708,207,619,803,1218,962,2800,588,612,263,646,1242,4380,0.454,0.334,0.659,23.3,6.4,4.1,0.9,9-Sep-86,Yaounde,Cameroon
339,Pascal Siakam,4,2017,2020,276,7196,1375,2752,240,718,553,724,331,1537,631,222,192,402,686,3543,0.5,0.334,0.764,26.1,12.8,5.6,2.3,2-Apr-94,Douala,Cameroon
341,Bismack Biyombo,9,2012,2020,636,12864,1232,2367,0,2,809,1408,1255,3968,338,159,852,577,1408,3273,0.52,0,0.575,20.2,5.1,6.2,0.5,28-Aug-92,Lubumbashi,Congo
342,Christian Eyenga,2,2011,2012,51,1049,136,331,26,94,22,36,31,137,40,37,33,50,85,320,0.411,0.277,0.611,20.6,6.3,2.7,0.8,22-Jun-89,Kinshasa,Congo
343,Didier Ilunga-Mbenga,7,2005,2011,234,1566,180,383,0,2,54,89,129,351,41,37,141,87,286,414,0.47,0,0.607,6.7,1.8,1.5,0.2,30-Dec-80,Kinshasa,Congo
344,Emmanuel Mudiay,5,2016,2020,300,7176,1222,3049,276,855,576,774,138,884,1139,214,88,669,491,3296,0.401,0.323,0.744,23.9,11,2.9,3.8,5-Mar-96,Kinshasa,Congo
345,Dikembe Mutombo*,18,1992,2009,1196,36791,4169,8045,0,2,3391,4960,3808,12359,1240,494,3289,2173,3383,11729,0.518,0,0.684,30.8,9.8,10.3,1,25-Jun-66,Kinshasa,Congo
347,Duje Dukan,1,2016,2016,1,24,2,10,2,5,0,0,2,4,1,1,0,0,2,6,0.2,0.4,,24,6,4,1,4-Dec-91,Split,Croatia
348,Gordan Giriček,6,2003,2008,384,8824,1424,3225,289,786,533,648,167,941,584,222,47,517,749,3670,0.442,0.368,0.823,23,9.6,2.5,1.5,20-Jun-77,Zagreb,Croatia
349,Mario Hezonja,5,2016,2020,330,6107,854,2047,266,833,310,382,147,1026,415,243,80,371,549,2284,0.417,0.319,0.812,18.5,6.9,3.1,1.3,25-Feb-95,Dubrovnik,Croatia
350,Mario Kasun,2,2005,2006,73,569,78,167,0,1,42,66,76,188,11,10,16,41,155,198,0.467,0,0.636,7.8,2.7,2.6,0.2,5-Apr-80,Split,Croatia
351,Toni Kukoč,13,1994,2006,846,22212,3633,8127,731,2184,1813,2487,1016,3555,3119,817,290,1544,1465,9810,0.447,0.335,0.729,26.3,11.6,4.2,3.7,18-Sep-68,Split,Croatia
352,Kosta Perović,1,2008,2008,7,38,3,10,0,0,4,6,6,13,1,0,2,1,6,10,0.3,,0.667,5.4,1.4,1.9,0.1,19-Feb-85,Osijek,Croatia
353,Dražen Petrović*,4,1990,1993,290,7669,1705,3369,255,583,796,946,240,669,701,265,27,596,751,4461,0.506,0.437,0.841,26.4,15.4,2.3,2.4,22-Oct-64,Sibenik,Croatia
354,Dino Radja*,4,1994,1997,224,7308,1516,3052,0,3,701,954,497,1883,356,201,282,495,745,3733,0.497,0,0.735,32.6,16.7,8.4,1.6,24-Apr-67,Split,Croatia
355,Damjan Rudež,3,2015,2017,146,1638,175,413,106,284,24,31,18,92,84,31,7,69,143,480,0.424,0.373,0.774,11.2,3.3,0.6,0.6,17-Jun-86,Zagreb,Croatia
356,Luka Šamanić,1,2020,2020,3,48,5,16,3,8,3,4,1,10,6,0,2,2,6,16,0.313,0.375,0.75,16,5.3,3.3,2,9-Jan-00,Zagreb,Croatia
357,Dario Šarić,4,2017,2020,306,8094,1344,3051,465,1298,590,705,492,1896,634,190,75,516,660,3743,0.441,0.358,0.837,26.5,12.2,6.2,2.1,8-Apr-94,Sibenik,Croatia
358,Predrag Savović,1,2003,2003,27,256,29,93,4,26,21,29,9,25,22,14,1,21,33,83,0.312,0.154,0.724,9.5,3.1,0.9,0.8,21-May-76,Pula,Croatia
359,Peja Stojaković,13,1999,2011,804,26966,4825,10719,1760,4392,2237,2500,747,3782,1408,747,106,1090,1398,13647,0.45,0.401,0.895,33.5,17,4.7,1.8,9-Jun-77,Slavoska Pozega,Croatia
360,Bruno Šundov,7,1999,2005,102,524,79,222,5,24,10,19,32,107,18,15,14,30,106,173,0.356,0.208,0.526,5.1,1.7,1,0.2,10-Feb-80,Split,Croatia
361,Žan Tabak,6,1995,2001,247,3607,537,1062,0,3,159,303,325,883,165,65,126,269,577,1233,0.506,0,0.525,14.6,5,3.6,0.7,15-Jun-70,Split,Croatia
362,Roko Ukić,2,2009,2010,85,987,137,354,14,74,53,71,27,78,165,31,2,66,83,341,0.387,0.189,0.746,11.6,4,0.9,1.9,12-May-84,Split,Croatia
363,Stojko Vranković,5,1991,1999,170,2050,197,413,0,0,79,132,155,516,59,22,179,132,318,473,0.477,,0.598,12.1,2.8,3,0.3,22-Jan-64,Drnis,Croatia
364,Ante Žižić,3,2018,2020,113,1517,273,470,0,0,128,180,150,446,64,22,40,82,170,674,0.581,,0.711,13.4,6,3.9,0.6,4-Jan-97,Split,Croatia
366,Alvin Jones,1,2002,2002,23,126,8,20,0,0,10,20,13,36,3,3,9,11,35,26,0.4,,0.5,5.5,1.1,1.6,0.1,9-Sep-78,Luxembourg,Luxembourg
368,Rafael Araújo,3,2005,2007,139,1585,156,385,1,4,76,112,124,395,41,51,16,111,300,389,0.405,0.25,0.679,11.4,2.8,2.8,0.3,12-Aug-80,Curitiba,Brazil
369,Leandro Barbosa,14,2004,2017,850,18386,3403,7409,988,2556,1241,1511,319,1720,1775,693,121,1061,1651,9035,0.459,0.387,0.821,21.6,10.6,2,2.1,28-Nov-82,Sao Paulo,Brazil
370,Bruno Caboclo,6,2015,2020,99,1257,154,385,62,196,55,65,79,254,71,36,57,65,129,425,0.4,0.316,0.846,12.7,4.3,2.6,0.7,21-Sep-95,Osasco,Brazil
371,Vítor Faverani,1,2014,2014,37,488,64,147,12,40,24,37,42,128,16,14,27,41,74,164,0.435,0.3,0.649,13.2,4.4,3.5,0.4,5-May-88,Porto Alegre,Brazil
372,Cristiano Felício,5,2016,2020,234,3470,424,741,0,12,207,305,371,966,174,68,50,151,348,1055,0.572,0,0.679,14.8,4.5,4.1,0.7,7-Jul-92,Pouso Alegre,Brazil
373,Rolando Ferreira,1,1989,1989,12,34,1,18,0,0,7,8,4,13,1,0,1,6,7,9,0.056,,0.875,2.8,0.8,1.1,0.1,24-May-64,Curitiba,Brazil
374,Alex Garcia,2,2004,2005,10,159,19,59,5,18,4,6,7,15,18,6,1,9,15,47,0.322,0.278,0.667,15.9,4.7,1.5,1.8,4-Mar-80,Orlandia,Brazil
375,Nenê Hilário,17,2003,2019,965,25237,4175,7621,7,53,2552,3864,1688,5828,1719,1041,721,1688,2934,10909,0.548,0.132,0.66,26.2,11.3,6,1.8,13-Sep-82,Sao Carlos,Brazil
376,Marcelo Huertas,2,2016,2017,76,1106,122,298,20,80,36,46,20,114,234,36,9,99,92,300,0.409,0.25,0.783,14.6,3.9,1.5,3.1,25-May-83,Sao Paulo,Brazil
377,Fab Melo,1,2013,2013,6,36,3,6,0,0,1,4,0,3,0,2,2,1,7,7,0.5,,0.25,6,1.2,0.5,0,20-Jun-90,Juiz de Forz,Brazil
378,Raul Neto,5,2016,2020,253,3485,465,1043,147,388,153,194,45,322,471,134,21,242,307,1230,0.446,0.379,0.789,13.8,4.9,1.3,1.9,19-May-92,Belo Horizonte,Brazil
379,Lucas Nogueira,4,2015,2018,141,1754,182,288,9,34,73,114,120,388,72,89,144,75,221,446,0.632,0.265,0.64,12.4,3.2,2.8,0.5,26-Jul-92,Sao Goncalo,Brazil
380,Tiago Splitter,7,2011,2017,355,6812,1073,1932,2,14,668,958,576,1779,423,198,209,384,685,2816,0.555,0.143,0.697,19.2,7.9,5,1.2,1-Jan-85,Joinville,Brazil
381,Anderson Varejão,13,2005,2017,627,15051,1804,3534,1,42,952,1509,1504,4511,734,537,405,592,1630,4561,0.51,0.024,0.631,24,7.3,7.2,1.2,28-Sep-82,Santa Teresa,Brazil
382,João Vianna,1,1992,1992,1,9,1,2,0,0,0,0,0,0,2,0,0,1,3,2,0.5,,,9,2,0,2,15-Nov-66,Brasilia,Brazil
383,Marcus Vinicius,2,2007,2008,26,172,16,35,8,19,10,18,3,19,7,3,2,9,14,50,0.457,0.421,0.556,6.6,1.9,0.7,0.3,31-May-84,Sao Paulo,Brazil
385,Steve Kerr,15,1989,2003,910,16207,2042,4263,726,1599,627,726,186,1060,1658,476,46,504,847,5437,0.479,0.454,0.864,17.8,6,1.2,1.8,27-Sep-65,Beirut,Lebanon
386,Rony Seikaly,11,1989,1999,678,21395,3647,7540,6,32,2691,3961,2142,6424,860,453,872,1913,2341,9991,0.484,0.188,0.679,31.6,14.7,9.5,1.3,10-May-65,Beirut,Lebanon
388,Salah Mejri,4,2016,2019,204,2430,280,464,12,41,121,205,259,808,94,72,190,123,382,693,0.603,0.293,0.59,11.9,3.4,4,0.5,15-Jun-86,Jendouba,Tunisia
390,Richard Petruška,1,1994,1994,22,92,20,46,7,15,6,8,9,31,1,2,3,15,15,53,0.435,0.467,0.75,4.2,2.4,1.4,0,25-Jan-69,Levice,Slovakia
392,Rui Hachimura,1,2020,2020,48,1444,254,545,25,87,116,140,78,294,87,37,8,53,105,649,0.466,0.287,0.829,30.1,13.5,6.1,1.8,8-Feb-98,Toyama,Japan
393,Yuta Tabuse,1,2005,2005,4,17,1,6,1,1,4,4,2,4,3,0,0,1,1,7,0.167,1,1,4.3,1.8,1,0.8,5-Oct-80,Yokohama,Japan
394,Yuta Watanabe,2,2019,2020,33,279,30,85,5,24,10,18,11,51,13,9,2,8,20,75,0.353,0.208,0.556,8.5,2.3,1.5,0.4,13-Oct-94,Kagawa,Japan
396,Esteban Batista,2,2006,2007,70,576,42,96,0,1,37,60,68,174,11,18,11,42,124,121,0.438,0,0.617,8.2,1.7,2.5,0.2,2-Sep-83,Montevideo,Uruguay
398,Gorgui Dieng,7,2014,2020,515,11344,1553,3108,116,339,836,1061,949,3166,702,427,506,603,1174,4058,0.5,0.342,0.788,22,7.9,6.1,1.4,18-Jan-90,Kebemer,Senegal
399,DeSagana Diop,12,2002,2013,601,8403,503,1177,1,6,178,381,834,2219,270,227,630,355,1219,1185,0.427,0.167,0.467,14,2,3.7,0.4,30-Jan-82,Dakar,Senegal
400,Tacko Fall,1,2020,2020,7,33,11,14,0,0,1,3,1,15,1,1,4,3,7,23,0.786,,0.333,4.7,3.3,2.1,0.1,10-Dec-95,Dakar,Senegal
401,Hamady N'Diaye,3,2011,2014,33,157,7,15,0,0,6,13,7,25,3,2,9,6,33,20,0.467,,0.462,4.8,0.6,0.8,0.1,12-Jan-87,Dakar,Senegal
402,Makhtar N'Diaye,1,1999,1999,4,27,1,4,0,0,3,4,3,5,1,0,1,1,9,5,0.25,,0.75,6.8,1.3,1.3,0.3,12-Dec-73,Dakar,Senegal
403,Mamadou N'Diaye,5,2001,2005,69,858,85,199,0,1,92,125,88,225,8,17,64,40,146,262,0.427,0,0.736,12.4,3.8,3.3,0.1,16-Jun-75,Dakar,Senegal
404,Boniface N'Dong,1,2006,2006,23,152,22,53,0,1,6,9,15,37,7,2,5,6,23,50,0.415,0,0.667,6.6,2.2,1.6,0.3,9-Mar-77,Dakar,Senegal
405,Maurice Ndour,1,2017,2017,32,331,39,86,1,7,19,26,22,64,8,15,8,12,30,98,0.453,0.143,0.731,10.3,3.1,2,0.3,18-Jun-92,Sindia,Senegal
406,Cheikh Samb,2,2008,2009,22,114,9,36,0,3,4,9,13,31,1,4,12,4,15,22,0.25,0,0.444,5.2,1,1.4,0,22-Oct-84,,Senegal
407,Mouhamed Sene,3,2007,2009,47,260,35,82,0,0,33,56,28,75,1,4,22,15,44,103,0.427,,0.589,5.5,2.2,1.6,0,12-May-86,Thies,Senegal
408,Pape Sow,3,2005,2007,76,879,79,190,0,0,61,90,78,214,12,34,24,41,166,219,0.416,,0.678,11.6,2.9,2.8,0.2,22-Nov-81,Dakar,Senegal
410,Ángel Delgado,1,2019,2019,2,15,1,5,0,0,1,2,2,4,0,1,0,0,2,3,0.2,,0.5,7.5,1.5,2,0,20-Nov-94,Santo Domingo,Dominican Republic
411,Luis Flores,1,2005,2005,16,77,14,29,5,10,2,2,1,3,11,2,0,11,9,35,0.483,0.5,1,4.8,2.2,0.2,0.7,11-Apr-81,San Pedro de Macoris,Dominican Republic
412,Francisco García,10,2006,2015,549,11853,1564,3659,581,1627,614,768,278,1400,747,441,388,545,1229,4323,0.427,0.357,0.799,21.6,7.9,2.6,1.4,31-Dec-81,Santo Domingo,Dominican Republic
413,Al Horford,13,2008,2020,853,27810,4997,9612,464,1275,1432,1898,1798,7053,2818,688,1008,1344,1943,11890,0.52,0.364,0.754,32.6,13.9,8.3,3.3,3-Jun-86,Puerto Plata,Dominican Republic
414,Tito Horford,3,1989,1994,63,376,33,110,0,0,27,43,29,84,5,7,26,30,50,93,0.3,,0.628,6,1.5,1.3,0.1,19-Jan-66,La Romana,Dominican Republic
415,Felipe López,4,1999,2002,249,4145,550,1274,48,147,300,455,212,604,252,161,62,254,451,1448,0.432,0.327,0.659,16.6,5.8,2.4,1,19-Dec-74,Santo Domingo,Dominican Republic
416,Luis Montero,2,2016,2018,14,50,5,20,1,9,3,4,0,6,1,0,0,6,1,14,0.25,0.111,0.75,3.6,1,0.4,0.1,6-Apr-93,Santo Domingo,Dominican Republic
418,Carlos Arroyo,9,2002,2011,569,10651,1431,3269,137,405,771,956,210,965,1761,290,26,680,874,3770,0.438,0.338,0.806,18.7,6.6,1.7,3.1,30-Jul-79,Fajardo,Puerto Rico
419,J.J. Barea,14,2007,2020,831,16287,2832,6685,819,2330,932,1174,253,1748,3270,331,24,1264,1168,7415,0.424,0.352,0.794,19.6,8.9,2.1,3.9,26-Jun-84,Mayaguez,Puerto Rico
420,Gian Clavell,1,2018,2018,7,64,6,18,6,15,2,2,1,7,3,2,0,2,8,20,0.333,0.4,1,9.1,2.9,1,0.4,26-Nov-93,Caguas,Puerto Rico
421,Guillermo Díaz,1,2008,2008,6,18,1,4,0,1,3,5,2,2,1,0,0,0,0,5,0.25,0,0.6,3,0.8,0.3,0.2,4-Mar-85,San Juan,Puerto Rico
422,Butch Lee,2,1979,1980,96,1834,296,658,0,0,181,238,40,137,307,87,1,164,148,773,0.45,,0.761,19.1,8.1,1.4,3.2,5-Dec-56,Santurce,Puerto Rico
423,José Ortiz,2,1989,1990,64,391,74,167,1,3,34,57,38,73,18,10,8,41,55,183,0.443,0.333,0.596,6.1,2.9,1.1,0.3,25-Oct-63,Albonito,Puerto Rico
424,Peter John Ramos,1,2005,2005,6,20,5,10,0,0,1,2,1,4,0,0,1,3,4,11,0.5,,0.5,3.3,1.8,0.7,0,13-May-85,Fajardo,Puerto Rico
425,Ramón Rivas,1,1989,1989,28,91,12,31,0,1,16,25,9,24,3,4,1,9,21,40,0.387,0,0.64,3.3,1.4,0.9,0.1,3-Jun-66,Carolina,Puerto Rico
427,Tomáš Satoranský,4,2017,2020,275,6404,756,1612,184,499,335,410,255,849,1131,240,41,371,498,2031,0.469,0.369,0.817,23.3,7.4,3.1,4.1,30-Oct-91,Prague,Czech Republic
428,Jan Veselý,3,2012,2014,162,2455,263,505,0,2,64,157,225,562,96,107,84,123,384,590,0.521,0,0.408,15.2,3.6,3.5,0.6,24-Apr-90,Ostrava,Czech Republic
429,Jiří Welsch,4,2003,2006,247,4596,516,1280,118,344,369,491,120,602,375,187,15,262,394,1519,0.403,0.343,0.752,18.6,6.1,2.4,1.5,27-Jan-80,Pardubice,Czech Republic
430,George Zídek,3,1996,1998,135,1328,161,395,1,4,130,166,108,286,32,14,12,69,241,453,0.408,0.25,0.783,9.8,3.4,2.1,0.2,2-Aug-73,Zlin,Czech Republic
432,Steven Adams,7,2014,2020,530,14207,2157,3664,1,10,876,1573,1823,4029,615,469,531,757,1384,5191,0.589,0.1,0.557,26.8,9.8,7.6,1.2,20-Jul-93,Rotorua,New Zealand
433,Aron Baynes,8,2013,2020,469,7390,1109,2239,84,257,489,611,718,2123,374,101,232,399,1045,2791,0.495,0.327,0.8,15.8,6,4.5,0.8,9-Dec-86,Gisborne,New Zealand
434,Sean Marks,11,1999,2011,230,2275,259,578,5,25,115,173,158,501,50,33,87,116,342,638,0.448,0.2,0.665,9.9,2.8,2.2,0.2,23-Aug-75,Auckland,New Zealand
435,Kirk Penney,2,2004,2005,6,30,2,9,1,4,0,0,0,2,2,1,0,5,1,5,0.222,0.25,,5,0.8,0.3,0.3,23-Nov-80,Auckland,New Zealand
437,Solomon Alabi,2,2011,2012,26,181,16,51,0,0,7,10,22,61,5,4,11,8,16,39,0.314,,0.7,7,1.5,2.3,0.2,21-Mar-88,Kaduna,Nigeria
438,Peter Aluma,1,1999,1999,2,5,1,2,0,0,0,0,1,2,0,1,1,2,4,2,0.5,,,2.5,1,1,0,23-Apr-73,Lagos,Nigeria
439,Yinka Dare,4,1995,1998,110,1002,86,217,0,0,61,107,101,281,4,12,70,96,179,233,0.396,,0.57,9.1,2.1,2.6,0,10-Oct-72,Kano,Nigeria
440,Obinna Ekezie,4,2000,2005,143,1516,165,390,0,1,180,250,146,383,31,38,27,95,254,510,0.423,0,0.72,10.6,3.6,2.7,0.2,22-Aug-75,Port Harcourt,Nigeria
441,Festus Ezeli,3,2013,2016,170,2394,275,536,0,0,162,291,292,725,63,48,166,133,328,712,0.513,,0.557,14.1,4.2,4.3,0.4,21-Oct-89,Benin City,Nigeria
442,Julius Nwosu,1,1995,1995,23,84,9,28,0,0,13,17,11,24,3,0,3,9,20,31,0.321,,0.765,3.7,1.3,1,0.1,1-May-71,Nkwere,Nigeria
443,Josh Okogie,2,2019,2020,136,3304,366,906,101,369,270,353,128,486,190,156,59,150,305,1103,0.404,0.274,0.765,24.3,8.1,3.6,1.4,1-Sep-98,Lagos,Nigeria
444,Hakeem Olajuwon*,18,1985,2002,1238,44222,10749,20991,25,124,5423,7621,4034,13748,3058,2162,3830,3667,4383,26946,0.512,0.202,0.712,35.7,21.8,11.1,2.5,21-Jan-63,Lagos,Nigeria
445,Michael Olowokandi,9,1999,2007,500,13129,1788,4109,0,0,559,936,951,3414,327,226,697,898,1518,4135,0.435,,0.597,26.3,8.3,6.8,0.7,3-Apr-75,Lagos,Nigeria
446,Olumide Oyedeji,3,2001,2003,93,587,50,101,0,0,27,41,61,196,11,16,15,30,106,127,0.495,,0.659,6.3,1.4,2.1,0.1,11-May-81,Ibadan,Nigeria
448,Pétur Guðmundsson,4,1982,1989,150,2060,251,508,1,2,190,252,166,563,153,35,96,195,400,693,0.494,0.5,0.754,13.7,4.6,3.8,1,30-Oct-58,Reykjavik,Iceland
450,Pat Burke,3,2003,2007,127,1293,199,488,9,36,61,92,90,266,44,28,40,87,180,468,0.408,0.25,0.663,10.2,3.7,2.1,0.3,14-Dec-73,Dublin,Ireland
452,Alaa Abdelnaby,5,1991,1995,256,3200,620,1236,0,3,225,321,283,846,85,71,69,247,484,1465,0.502,0,0.701,12.5,5.7,3.3,0.3,24-Jun-68,Cairo,Egypt
453,Abdel Nader,3,2018,2020,164,2083,264,627,103,293,101,141,41,287,84,58,42,103,191,732,0.421,0.352,0.716,12.7,4.5,1.8,0.5,25-Sep-93,Alexandria,Egypt
455,Miloš Babić,2,1991,1992,21,87,12,32,0,0,13,20,8,20,10,2,1,10,7,37,0.375,,0.65,4.1,1.8,1,0.5,23-Nov-68,Kraljevo,Serbia
456,Nemanja Bjelica,5,2016,2020,341,7435,1030,2208,417,1062,260,337,395,1630,598,232,153,339,862,2737,0.466,0.393,0.772,21.8,8,4.8,1.8,9-May-88,Belgrade,Serbia
457,Bogdan Bogdanović,3,2018,2020,209,5888,1042,2401,427,1142,320,397,97,673,732,208,46,344,447,2831,0.434,0.374,0.806,28.2,13.5,3.2,3.5,18-Aug-92,Belgrade,Serbia
458,Žarko Čabarkapa,3,2004,2006,150,1550,234,548,24,88,148,202,98,312,85,33,25,119,221,640,0.427,0.273,0.733,10.3,4.3,2.1,0.6,21-May-81,Zrenjanin,Serbia
459,Radisav Ćurčić,1,1993,1993,20,166,16,41,0,0,26,36,17,49,12,7,2,8,30,58,0.39,,0.722,8.3,2.9,2.5,0.6,26-Sep-65,Cacak,Serbia
460,Rastko Cvetković,1,1996,1996,14,48,5,16,0,1,0,4,4,11,3,2,1,3,11,10,0.313,0,0,3.4,0.7,0.8,0.2,22-Jun-70,Belgrade,Serbia
461,Vlade Divac*,16,1990,2005,1134,33838,5205,10510,100,426,2888,4176,2881,9326,3541,1288,1631,2470,3609,13398,0.495,0.235,0.692,29.8,11.8,8.2,3.1,3-Feb-68,Prijepolje,Serbia
462,Marko Guduric,1,2020,2020,44,484,62,157,25,83,24,26,14,73,45,12,8,36,34,173,0.395,0.301,0.923,11,3.9,1.7,1,8-Mar-95,Priboj,Serbia
463,Marko Jarić,7,2003,2009,447,11246,1190,2944,289,840,524,718,274,1200,1600,583,128,708,967,3193,0.404,0.344,0.73,25.2,7.1,2.7,3.6,12-Oct-78,Belgrade,Serbia
464,Nikola Jokić,5,2016,2020,381,11054,2486,4741,347,1028,1143,1384,982,3657,2098,423,265,959,1084,6462,0.524,0.338,0.826,29,17,9.6,5.5,19-Feb-95,Sombor,Serbia
465,Nenad Krstić,7,2005,2011,419,10547,1724,3493,2,14,760,1041,772,2261,346,162,286,497,1251,4210,0.494,0.143,0.73,25.2,10,5.4,0.8,25-Jul-83,Kraljevo,Serbia
466,Boban Marjanović,5,2016,2020,230,2241,537,925,8,27,352,457,320,930,126,52,83,164,276,1434,0.581,0.296,0.77,9.7,6.2,4,0.5,15-Aug-88,Zajecar,Serbia
467,Darko Miličić,10,2004,2013,468,8638,1196,2602,0,6,421,734,628,1971,405,206,613,573,1065,2813,0.46,0,0.574,18.5,6,4.2,0.9,20-Jun-85,Novi Sad,Serbia
468,Nemanja Nedović,1,2014,2014,24,142,8,39,3,18,7,8,3,15,13,0,1,13,13,26,0.205,0.167,0.875,5.9,1.1,0.6,0.5,16-Jun-91,Nova Varos,Serbia
469,Miroslav Raduljica,2,2014,2015,53,488,71,134,0,0,47,57,56,113,23,8,13,30,92,189,0.53,,0.825,9.2,3.6,2.1,0.4,5-Jan-88,Belgrade,Serbia
470,Igor Rakočević,1,2003,2003,42,244,22,58,5,12,29,36,4,17,33,4,0,23,25,78,0.379,0.417,0.806,5.8,1.9,0.4,0.8,29-Mar-78,Belgrade,Serbia
471,Željko Rebrača,5,2002,2006,215,3280,488,926,0,0,300,379,196,688,88,57,160,203,512,1276,0.527,,0.792,15.3,5.9,3.2,0.4,9-Apr-72,Apatin,Serbia
472,Alen Smailagić,1,2020,2020,14,139,20,40,3,13,16,19,10,27,13,3,4,11,14,59,0.5,0.231,0.842,9.9,4.2,1.9,0.9,18-Aug-00,Belgrade,Serbia
473,Dragan Tarlać,1,2001,2001,43,598,39,99,0,0,25,33,37,122,31,7,19,38,95,103,0.394,,0.758,13.9,2.4,2.8,0.7,9-May-73,Belgrade,Serbia
474,Miloš Teodosić,2,2018,2019,60,1284,168,400,98,259,43,53,19,142,241,26,6,118,130,477,0.42,0.378,0.811,21.4,8,2.4,4,19-Mar-87,Valjevo,Serbia
475,Mirsad Türkcan,1,2000,2000,17,90,14,38,0,6,5,8,13,33,5,3,1,8,14,33,0.368,0,0.625,5.3,1.9,1.9,0.3,7-Jun-76,Novi Pazar,Serbia
476,Slavko Vraneš,1,2004,2004,1,3,0,1,0,0,0,0,0,0,0,0,0,0,1,0,0,,,3,0,0,0,30-Jan-83,Belgrade,Serbia
477,Aleksandar Đorđević,1,1997,1997,8,61,8,16,5,7,4,5,1,5,5,0,0,5,3,25,0.5,0.714,0.8,7.6,3.1,0.6,0.6,26-Aug-67,Belgrade,Serbia
479,Marcin Gortat,12,2008,2019,806,20691,3401,6168,3,20,1146,1686,1759,6407,915,383,885,958,1775,7951,0.551,0.15,0.68,25.7,9.9,7.9,1.1,17-Feb-84,Lodz,Poland
480,Maciej Lampe,3,2004,2006,64,632,94,231,2,8,25,37,37,142,22,8,10,35,81,215,0.407,0.25,0.676,9.9,3.4,2.2,0.3,5-Feb-85,Lodz,Poland
481,Cezary Trybański,2,2003,2004,22,101,5,24,0,0,5,12,6,15,1,1,7,10,16,15,0.208,,0.417,4.6,0.7,0.7,0,22-Sep-79,Warsaw,Poland
483,Patrick Ewing*,17,1986,2002,1183,40594,9702,19241,19,125,5392,7289,2752,11607,2215,1136,2894,3537,4034,24815,0.504,0.152,0.74,34.3,21,9.8,1.9,5-Aug-62,Kingston,Jamaica
484,Omari Johnson,1,2018,2018,4,75,9,21,4,12,0,0,4,11,7,2,0,3,6,22,0.429,0.333,,18.8,5.5,2.8,1.8,26-Nov-89,Kingston,Jamaica
485,Jerome Jordan,2,2012,2015,65,491,67,127,0,0,46,54,66,132,17,9,21,24,73,180,0.528,,0.852,7.6,2.8,2,0.3,29-Sep-86,Kingston,Jamaica
486,Rumeal Robinson,6,1991,1997,336,6098,1014,2345,112,326,406,665,164,606,1179,301,54,580,599,2546,0.432,0.344,0.611,18.1,7.6,1.8,3.5,13-Nov-66,Mandeville,Jamaica
487,Samardo Samuels,3,2011,2013,109,1722,237,532,0,4,164,251,148,366,45,38,41,115,231,638,0.445,0,0.653,15.8,5.9,3.4,0.4,9-Jan-89,Trelawny,Jamaica
488,Wayne Sappleton,1,1985,1985,33,298,41,87,0,0,14,34,28,75,7,7,4,21,50,96,0.471,,0.412,9,2.9,2.3,0.2,17-Nov-60,Kingston,Jamaica
489,Gary Voce,1,1990,1990,1,4,1,3,0,0,0,0,2,2,0,0,0,0,0,2,0.333,,,4,2,2,0,24-Nov-65,,Jamaica
491,Samuel Dalembert,13,2002,2015,886,21646,2810,5393,1,12,1193,1689,2289,6942,465,437,1546,1271,2601,6814,0.521,0.083,0.706,24.4,7.7,7.8,0.5,10-May-81,Port-Au-Prince,Haiti
492,Yvon Joseph,1,1986,1986,1,5,0,0,0,0,2,2,0,0,0,0,0,0,1,2,,,1,5,2,0,0,31-Oct-57,Cap-Haitian,Haiti
493,Skal Labissière,4,2017,2020,148,2595,429,872,30,85,181,242,224,662,152,53,99,151,314,1069,0.492,0.353,0.748,17.5,7.2,4.5,1,18-Mar-96,Port-au-Prince,Haiti
494,Olden Polynice,15,1988,2004,1058,24884,3557,7037,5,26,1146,2141,2730,7110,744,516,651,1170,2835,8265,0.505,0.192,0.535,23.5,7.8,6.7,0.7,21-Nov-64,Port-au-Prince,Haiti
496,Goga Bitadze,1,2020,2020,54,471,70,150,8,42,24,33,25,106,23,10,37,28,65,172,0.467,0.19,0.727,8.7,3.2,2,0.4,20-Jul-99,Sagarejo,Georgia
497,Zaza Pachulia,16,2004,2019,1098,22240,2608,5559,0,31,2198,2927,2362,6315,1433,768,378,1444,2738,7414,0.469,0,0.751,20.3,6.8,5.8,1.3,10-Feb-84,Tbilisi,Georgia
498,Tornike Shengelia,2,2013,2014,45,247,23,51,1,8,12,24,13,39,17,6,2,23,29,59,0.451,0.125,0.5,5.5,1.3,0.9,0.4,5-Oct-91,Tbilisi,Georgia
499,Vladimir Stepania,6,1999,2004,270,3726,455,1071,2,15,206,384,444,1180,94,110,144,213,482,1118,0.425,0.133,0.536,13.8,4.1,4.4,0.3,8-May-76,,Georgia
500,Jake Tsakalidis,7,2001,2007,315,5005,580,1184,0,1,337,513,436,1238,101,73,223,268,689,1497,0.49,0,0.657,15.9,4.8,3.9,0.3,10-Jun-79,Rustavi,Georgia
501,Nikoloz Tskitishvili,4,2003,2006,172,1946,190,626,43,183,84,115,109,307,114,46,50,126,227,507,0.304,0.235,0.73,11.3,2.9,1.8,0.7,14-Apr-83,Tbilisi,Georgia
503,Raja Bell,12,2001,2012,706,19813,2581,5949,956,2357,880,1101,408,1968,1208,484,130,695,1840,6998,0.434,0.406,0.799,28.1,9.9,2.8,1.7,19-Sep-76,St. Croix,Us Virgin Islands
504,Charles Claxton,1,1996,1996,3,7,1,2,0,0,0,2,2,2,0,0,1,1,4,2,0.5,,0,2.3,0.7,0.7,0,13-Dec-70,St. Thomas,Us Virgin Islands
505,Tim Duncan*,19,1998,2016,1392,47368,10285,20334,30,168,5896,8468,3859,15091,4225,1025,3020,3381,3304,26496,0.506,0.179,0.696,34,19,10.8,3,25-Apr-76,St. Croix,Us Virgin Islands
507,Torgeir Bryn,1,1990,1990,3,10,0,2,0,0,4,6,0,2,0,2,1,1,5,4,0,,0.667,3.3,1.3,0.7,0,8-Aug-64,Oslo,Norway
509,Primož Brezec,8,2002,2010,342,6192,1012,2034,1,6,427,609,563,1327,179,69,134,274,730,2452,0.498,0.167,0.701,18.1,7.2,3.9,0.5,2-Oct-79,Postojna,Slovenia
510,Vlatko Čančar,1,2020,2020,14,45,6,15,1,6,4,4,5,10,3,1,1,3,7,17,0.4,0.167,1,3.2,1.2,0.7,0.2,10-Apr-97,Koper,Slovenia
511,Luka Dončić,2,2019,2020,133,4365,1087,2441,339,1055,772,1047,164,1136,967,139,39,507,290,3285,0.445,0.321,0.737,32.8,24.7,8.5,7.3,28-Feb-99,Ljubljana,Slovenia
512,Goran Dragić,12,2009,2020,817,22899,4167,8988,991,2729,2049,2683,589,2502,3949,811,151,1849,1896,11374,0.464,0.363,0.764,28,13.9,3.1,4.8,6-May-86,Ljubljana,Slovenia
513,Zoran Dragić,1,2015,2015,16,75,11,30,3,14,3,5,5,8,5,2,0,5,6,28,0.367,0.214,0.6,4.7,1.8,0.5,0.3,22-Jun-89,Ljubljana,Slovenia
514,Marko Milič,2,1998,1999,44,216,47,84,3,7,11,17,13,30,14,13,1,27,24,108,0.56,0.429,0.647,4.9,2.5,0.7,0.3,7-May-77,Kranj,Slovenia
515,Boštjan Nachbar,6,2003,2008,317,5628,744,1834,325,867,439,560,126,836,283,135,84,280,698,2252,0.406,0.375,0.784,17.8,7.1,2.6,0.9,3-Jul-80,Slovenj Gradec,Slovenia
516,Rasho Nesterović,12,1999,2010,811,17983,2570,5121,1,13,378,646,1513,4143,836,330,934,748,2187,5519,0.502,0.077,0.585,22.2,6.8,5.1,1,30-May-76,Ljubljana,Slovenia
517,Uroš Slokar,1,2007,2007,20,72,14,26,1,2,9,13,7,14,1,1,2,9,11,38,0.538,0.5,0.692,3.6,1.9,0.7,0.1,14-May-83,Ljubljana,Slovenia
518,Beno Udrih,13,2005,2017,831,18185,2740,5922,465,1334,1007,1209,308,1712,2858,576,71,1179,1275,6952,0.463,0.349,0.833,21.9,8.4,2.1,3.4,5-Jul-82,Celje,Slovenia
519,Sasha Vujačić,10,2005,2017,581,8908,1075,2757,533,1451,411,479,205,1093,748,336,34,328,880,3094,0.39,0.367,0.858,15.3,5.3,1.9,1.3,8-Mar-84,Maribor,Slovenia
521,Lauri Markkanen,3,2018,2020,170,5194,967,2248,374,1050,436,514,213,1291,228,118,96,249,321,2744,0.43,0.356,0.848,30.6,16.1,7.6,1.3,22-May-97,Vantaa,Finland
522,Hanno Möttölä,2,2001,2002,155,2360,292,661,1,16,130,166,130,442,75,31,28,137,337,715,0.442,0.063,0.783,15.2,4.6,2.9,0.5,9-Sep-76,Helsinki,Finland
524,Cheick Diallo,4,2017,2020,180,2155,398,665,2,7,149,193,175,747,78,55,73,116,267,947,0.598,0.286,0.772,12,5.3,4.2,0.4,13-Sep-96,Kayes,Mali
525,Soumaila Samake,2,2001,2003,47,303,28,72,0,0,12,26,32,76,5,2,19,6,36,68,0.389,,0.462,6.4,1.4,1.6,0.1,18-Mar-78,Bougouni,Mali
527,Gustavo Ayón,3,2012,2014,135,2251,284,530,0,1,67,133,188,589,173,100,73,122,272,635,0.536,0,0.504,16.7,4.7,4.4,1.3,1-Apr-85,Tepic,Mexico
528,Jorge Gutiérrez,3,2014,2016,47,482,53,106,3,17,28,36,8,54,69,19,1,32,65,137,0.5,0.176,0.778,10.3,2.9,1.1,1.5,27-Dec-88,Chihuahua,Mexico
529,Horacio Llamas Grey,2,1997,1998,28,143,23,49,1,3,11,18,8,36,5,11,8,20,39,58,0.469,0.333,0.611,5.1,2.1,1.3,0.2,17-Jul-73,El Rosario,Mexico
530,Eduardo Nájera,12,2001,2012,619,11213,1204,2505,110,354,534,796,897,2307,493,446,231,402,1378,3052,0.481,0.311,0.671,18.1,4.9,3.7,0.8,11-Jul-76,Meoqui,Mexico
532,Kornél Dávid,3,1999,2001,109,1585,201,451,0,4,147,180,111,306,64,46,24,92,172,549,0.446,0,0.817,14.5,5,2.8,0.6,22-Oct-71,,Hungary
534,Georgi Glouchkov,1,1986,1986,49,772,84,209,1,1,70,122,31,163,32,26,25,76,124,239,0.402,1,0.574,15.8,4.9,3.3,0.7,10-Jan-60,Triavna,Bulgaria
536,Steve Nash*,18,1997,2014,1217,38069,6321,12892,1685,3939,3060,3384,643,3642,10335,899,102,3478,1982,17387,0.49,0.428,0.904,31.3,14.3,3,8.5,7-Feb-74,Johannesburg,South Africa
538,Predrag Drobnjak,4,2002,2005,278,5542,903,2125,66,194,315,394,313,973,225,132,117,242,512,2187,0.425,0.34,0.799,19.9,7.9,3.5,0.8,27-Oct-75,Bijelo Polje,Montenegro
539,Nikola Mirotić,5,2015,2019,319,7718,1303,3084,614,1712,690,854,301,1894,407,240,228,381,666,3910,0.423,0.359,0.808,24.2,12.3,5.9,1.3,11-Feb-91,Podgorica,Montenegro
540,Žarko Paspalj,1,1990,1990,28,181,27,79,0,1,18,22,15,30,10,3,7,21,37,72,0.342,0,0.818,6.5,2.6,1.1,0.4,27-Mar-66,Pljevlja,Montenegro
541,Sasha Pavlović,10,2004,2013,567,8888,1070,2651,308,890,339,504,188,1000,517,272,98,460,1026,2787,0.404,0.346,0.673,15.7,4.9,1.8,0.9,15-Nov-83,Bar,Montenegro
542,Nikola Peković,6,2011,2016,271,6744,1314,2537,0,0,777,1023,803,1807,199,140,151,414,632,3405,0.518,,0.76,24.9,12.6,6.7,0.7,3-Jan-86,Bijelo Polje,Montenegro
543,Aleksandar Radojević,2,2000,2005,15,152,8,26,0,0,10,16,11,36,7,2,3,20,37,26,0.308,,0.625,10.1,1.7,2.4,0.5,8-Aug-76,Herceg Novi,Montenegro
545,Ha Seung-Jin,2,2005,2006,46,316,28,54,0,0,14,28,20,67,3,4,13,26,62,70,0.519,,0.5,6.9,1.5,1.5,0.1,4-Aug-85,Seoul,Korea
547,Hamed Haddadi,5,2009,2013,151,1056,130,281,0,5,79,125,137,372,43,11,92,92,209,339,0.463,0,0.632,7,2.2,2.5,0.3,19-May-85,Ahvaz,Iran
549,OG Anunoby,3,2018,2020,210,4899,632,1316,229,627,147,226,182,745,210,194,81,179,437,1640,0.48,0.365,0.65,23.3,7.8,3.5,1,17-Jul-97,London,United Kingdom
550,Robert Archibald,2,2003,2004,44,328,15,53,0,0,21,49,27,69,16,14,6,17,59,51,0.283,,0.429,7.5,1.2,1.6,0.4,29-Mar-80,Paisley,United Kingdom
551,Kelenna Azubuike,5,2007,2012,208,5025,802,1748,210,514,364,473,257,829,230,130,103,203,408,2178,0.459,0.409,0.77,24.2,10.5,4,1.1,16-Dec-83,London,United Kingdom
552,Steve Bucknall,1,1990,1990,18,75,9,33,0,1,5,6,5,7,10,2,1,11,10,23,0.273,0,0.833,4.2,1.3,0.4,0.6,17-Mar-66,London,United Kingdom
553,James Donaldson,14,1981,1995,957,26222,3105,5442,0,0,1993,2722,2060,7492,765,336,1267,1454,2025,8203,0.571,,0.732,27.4,8.6,7.8,0.8,16-Aug-57,Heacham,United Kingdom
554,Ndudi Ebi,2,2004,2005,19,86,17,35,0,1,6,13,8,19,4,1,5,6,13,40,0.486,0,0.462,4.5,2.1,1,0.2,18-Jun-84,London,United Kingdom
555,Joel Freeland,3,2013,2015,151,1821,209,455,0,2,59,81,190,518,65,32,56,74,255,477,0.459,0,0.728,12.1,3.2,3.4,0.4,7-Feb-87,Farnham,United Kingdom
556,Ben Gordon,11,2005,2015,744,20366,3931,9092,1171,2921,2051,2394,333,1851,1868,508,114,1551,1720,11084,0.432,0.401,0.857,27.4,14.9,2.5,2.5,4-Apr-83,London,United Kingdom
557,Woody Grimshaw,1,1947,1947,21,,20,56,,,21,44,,,1,,,,25,61,0.357,,0.477,,2.9,,0,24-Sep-19,,United Kingdom
558,Chris Harris,1,1956,1956,41,420,37,149,,,27,45,,44,44,,,,43,101,0.248,,0.6,10.2,2.5,1.1,1.1,11-Aug-33,Southampton,United Kingdom
559,Pops Mensah-Bonsu,4,2007,2011,61,509,64,156,0,2,53,90,83,180,11,14,14,40,82,181,0.41,0,0.589,8.3,3,3,0.2,7-Sep-83,London,United Kingdom
560,Admiral Schofield,1,2020,2020,33,368,35,92,19,61,10,15,7,47,15,8,4,7,50,99,0.38,0.311,0.667,11.2,3,1.4,0.5,30-Mar-97,London,United Kingdom
562,Damien Inglis,1,2016,2016,20,156,13,37,3,13,7,8,2,31,10,6,3,11,11,36,0.351,0.231,0.875,7.8,1.8,1.6,0.5,20-May-95,Cayenne,French Guiana
563,Kevin Séraphin,7,2011,2017,423,6430,1134,2318,0,7,248,347,502,1462,246,88,304,449,903,2516,0.489,0,0.715,15.2,5.9,3.5,0.6,7-Dec-89,Cayenne,French Guiana
565,Furkan Aldemir,1,2015,2015,41,540,40,78,0,5,13,27,78,176,28,17,16,17,96,93,0.513,0,0.481,13.2,2.3,4.3,0.7,9-Aug-91,Konak,Turkey
566,Ömer Aşık,8,2011,2018,471,9216,947,1795,0,1,585,1062,1036,3362,280,167,339,542,928,2479,0.528,0,0.551,19.6,5.3,7.1,0.6,4-Jul-86,Bursa,Turkey
567,Semih Erden,2,2011,2012,69,928,101,185,0,0,60,101,57,190,29,25,29,50,164,262,0.546,,0.594,13.4,3.8,2.8,0.4,28-Jul-86,Istanbul,Turkey
568,Ersan İlyasova,12,2007,2020,808,18809,3102,6993,865,2368,1230,1585,1390,4632,904,550,290,783,1965,8299,0.444,0.365,0.776,23.3,10.3,5.7,1.1,15-May-87,Eskisehir,Turkey
569,Furkan Korkmaz,3,2018,2020,134,2318,348,836,195,517,115,150,36,286,135,72,19,86,172,1006,0.416,0.377,0.767,17.3,7.5,2.1,1,24-Jul-97,Istanbul,Turkey
570,Ibo Kutluay,1,2005,2005,5,12,0,1,0,0,0,0,0,1,0,0,0,2,1,0,0,,,2.4,0,0.2,0,1-Jul-74,Istanbul,Turkey
571,Mehmet Okur,10,2003,2012,634,18429,3028,6615,596,1590,1909,2396,1261,4436,1089,329,453,991,1815,8561,0.458,0.375,0.797,29.1,13.5,7,1.7,26-May-79,Yalova,Turkey
572,Hedo Türkoğlu,15,2001,2015,997,26695,3851,9034,1246,3246,2074,2645,647,3971,2832,750,299,1578,2403,11022,0.426,0.384,0.784,26.8,11.1,4,2.8,19-Mar-79,Istanbul,Turkey
